planar,macroscopic,gradient
4.556053187347003,4.55631380352121,-1.2023124371651761e-06
4.556051985034566,4.556313825577076,4.6850782764451537e-07
4.556054124362658,4.556313858015015,9.251278698663157e-07
4.556053835290306,4.5563139345540105,1.3870946911076487e-06
4.556056898552041,4.5563140214033915,1.858551786249052e-06
4.556057552393878,4.5563141523860144,2.318959136271559e-06
4.556061536470313,4.556314293782818,2.7749918363184634e-06
4.556063102377551,4.556314479520549,3.2348337688503648e-06
4.556068006137851,4.556314675885851,3.684565146322427e-06
4.5560704715078435,4.556314916942962,4.132196014250411e-06
4.556076270529879,4.55631516884789,4.584155596898398e-06
4.556079639819037,4.556315465698008,5.030070758582639e-06
4.556086330671397,4.556315773604012,5.46738104212352e-06
4.5560905745811215,4.556316126757315,5.896252056381002e-06
4.556098123175509,4.556316491152426,6.321376259776912e-06
4.556103217333641,4.556316901140458,6.7430035879390005e-06
4.556111609182685,4.5563173225952145,7.144876610354345e-06
4.556117507086862,4.556317789930087,7.5510327173233804e-06
4.55612671124812,4.556318268826364,7.953468957211385e-06
4.556133414024776,4.556318793855968,8.342220821688784e-06
4.556143395689763,4.556319330534727,8.711022066787422e-06
4.55615083606891,4.5563199135712305,9.074355405314094e-06
4.556161544400574,4.556320508251947,9.422301212147488e-06
4.556169680671334,4.556321149446864,9.757413089950262e-06
4.556181059226754,4.556321802161825,1.0079134820983882e-05
4.556189838940976,4.556322501358598,1.0395552535236163e-05
4.556201850331824,4.556323211680628,1.0698643127859953e-05
4.556211236227232,4.556323968284339,1.0985082286030234e-05
4.556223820496396,4.556324735535615,1.1250256137795844e-05
4.556233736739507,4.556325548740601,1.1510660922198213e-05
4.556246841818241,4.556326371878244,1.1760222975443213e-05
4.556257257185458,4.556327240405729,1.1999431424936091e-05
4.556270840681091,4.556328117898029,1.2214799665954956e-05
4.55628168678479,4.556329040044112,1.2424547273237607e-05
4.556295689775637,4.556329969976143,1.2614750955819432e-05
4.556306916286702,4.556330943582707,1.2783185538989272e-05
4.556321256146715,4.556331923479689,1.2932644069874044e-05
4.556332781574842,4.556332945734479,1.307949885198667e-05
4.556347415144419,4.556333972365224,1.320988668629397e-05
4.556359201348214,4.556335039593455,1.332482680149738e-05
4.556374064798022,4.556336108923684,1.3420664189744969e-05
4.556386042676594,4.556337216824481,1.3509937340394629e-05
4.556401084672703,4.556338324261922,1.3572099873293553e-05
4.55641318687634,4.556339468030199,1.3621100494187743e-05
4.556428326873691,4.5563406084018,1.3641536511066477e-05
4.556440469949362,4.556341782359309,1.3649755963740517e-05
4.556455626385619,4.556342949484123,1.363364934636735e-05
4.556467737248055,4.5563441470111385,1.3597028539535927e-05
4.556482820442698,4.556345333799088,1.353817122051737e-05
4.556494813590496,4.556346547499437,1.3474915672606613e-05
4.556509770274043,4.5563477462686315,1.3376292745448382e-05
4.556521566175987,4.556348968056179,1.3266556680768815e-05
4.5565363033874045,4.556350170223964,1.3134190306018922e-05
4.556547834556599,4.5563513910509945,1.2993895040835923e-05
4.556562291177486,4.556352587062903,1.282823885606632e-05
4.556573491034311,4.556353797042668,1.2644163665420649e-05
4.556587579504817,4.556354976811384,1.2431177216498668e-05
4.556598353388744,4.556356165592395,1.2205713088686565e-05
4.556611990930994,4.556357318303735,1.1953008561160772e-05
4.5566222594058665,4.556358474723099,1.1686312675340815e-05
4.556635363556345,4.556359588779185,1.140008641664636e-05
4.5566450595787,4.5563607007010205,1.110253506153569e-05
4.556657568626468,4.556361763567901,1.0775383704419994e-05
4.556666610346109,4.5563628183705775,1.0450827885311043e-05
4.556678470282239,4.5563638172644865,1.0103534120897706e-05
4.55668681741435,4.556364801924895,9.737005866483628e-06
4.556697944293972,4.556365723577539,9.344782078368752e-06
4.556705506978507,4.556366624617392,8.956910730439915e-06
4.556715858115433,4.556367455219444,8.54234789526842e-06
4.556722591674298,4.556368258609096,8.122356409678844e-06
4.556732102828252,4.556368983955644,7.673785315631676e-06
4.556737939244929,4.556369675467732,7.227117952979256e-06
4.556746557064158,4.5563702813498335,6.753809487225482e-06
4.556751446863903,4.556370846758362,6.263646572080006e-06
4.556759084357302,4.55637131873008,5.749609471195072e-06
4.556762946082846,4.556371743542876,5.239110778099132e-06
4.556769562578858,4.556372067197042,4.702500573383617e-06
4.556772351083993,4.556372337166105,4.169201340165074e-06
4.556777900981539,4.556372498342622,3.6193191168543137e-06
4.556779589722226,4.556372599535186,3.064340129643739e-06
4.556784029661798,4.556372584509075,2.4785123247106355e-06
4.556784546746876,4.556372503359479,1.8890374207103378e-06
4.556787807736639,4.5563722985564485,1.2720639817054291e-06
4.556787090874839,4.556372021699348,6.601192916733112e-07
4.556789127975223,4.556371614074081,3.557428307487953e-08
4.556787162023405,4.556371128941414,-5.796008131220276e-07
4.556787968773596,4.5563705063212305,-1.2212516100618132e-06
4.556784719520185,4.5563698013148,-1.8546392066554063e-06
4.556784259495183,4.5563689525236235,-2.499254576182608e-06
4.556779721011033,4.556368016845915,-3.1357659895370205e-06
4.556777987963204,4.556366931502132,-3.7882514667408884e-06
4.556772144508099,4.556365755448062,-4.4262129796912575e-06
4.556769135537245,4.5563644244102095,-5.078340385544777e-06
4.556761987827328,4.556362999505538,-5.7178116388278966e-06
4.556757699913967,4.556361414872318,-6.374479336379579e-06
4.5567492388686555,4.556359733839936,-7.012998868738407e-06
4.5567436739162295,4.556357888810157,-7.667354242180124e-06
4.556733904160171,4.556355945614172,-8.29854081541015e-06
4.556727076834599,4.556353834842547,-8.944350494477504e-06
4.556716015459182,4.556351624833412,-9.570262595293144e-06
4.556707936309408,4.556349244183196,-1.0199602008320596e-05
4.5566956162551655,4.556346764041963,-1.0807381235711233e-05
4.556686321546937,4.556344110853203,-1.1435296237483072e-05
4.5566727456626905,4.5563413586444454,-1.2026560617606208e-05
4.556662268425701,4.556338431596119,-1.2613389684279497e-05
4.556647518883322,4.55633540683246,-1.3170694276087858e-05
4.556635927037149,4.556332206044443,-1.3743224505535778e-05
4.556620032434311,4.556328909546931,-1.4305119196755811e-05
4.556607316798756,4.556325436063595,-1.4875478762110816e-05
4.556590281476787,4.556321869120879,-1.5405855451788852e-05
4.556576505087852,4.556318124309184,-1.5945574905362747e-05
4.556558390326976,4.556314288672639,-1.645091575364077e-05
4.556543603256345,4.556310274487735,-1.694188603185154e-05
4.556524506554912,4.556306172571736,-1.7389552565472144e-05
4.556508824151214,4.5563018908455115,-1.7841167395893365e-05
4.5564888242201205,4.556297523659613,-1.8257870217919248e-05
4.556472308410778,4.556292974127796,-1.8683626657356456e-05
4.556451456966806,4.556288340023605,-1.9071260714653704e-05
4.556434165889349,4.556283518858247,-1.9451431489514448e-05
4.556412554103827,4.556278611730765,-1.9773707413683894e-05
4.556394618474521,4.556273509405756,-2.0096182733020385e-05
4.556372361738361,4.556268315811592,-2.036379767123009e-05
4.556353890879179,4.556262913452806,-2.0626402598367122e-05
4.556331108933164,4.556257408271623,-2.084104096011785e-05
4.556312208797259,4.5562516723869235,-2.10507475300048e-05
4.556289007438104,4.556245812511047,-2.1208652281057283e-05
4.556269791492697,4.556239687753554,-2.13600174738815e-05
4.556246287403156,4.556233403529965,-2.1457047830963916e-05
4.556226877397035,4.556226801909399,-2.1552315496720098e-05
4.556203182772163,4.556219983589407,-2.1586416151020416e-05
4.556183704564733,4.556212767767078,-2.1619129655370273e-05
4.556159944512852,4.556205245317265,-2.159824397374166e-05
4.556140508076785,4.556197204801172,-2.15644231511547e-05
4.55611681566655,4.556188719955965,-2.1471993000066192e-05
4.556097564090785,4.556179537594481,-2.1369549441541125e-05
4.556074076567667,4.556169702961166,-2.1202518638574475e-05
4.556055159053508,4.556158904536132,-2.1038267889128548e-05
4.556032000031888,4.5561471414273305,-2.0813620662973875e-05
4.556013531812182,4.556134019608788,-2.0587082222967013e-05
4.555990825867442,4.556119465708491,-2.0301063393457497e-05
4.555972929685395,4.556102970219833,-2.00105929208938e-05
4.555950804681601,4.556084353883898,-1.9655757381276118e-05
4.5559336181706325,4.5560629334308285,-1.9294945041714584e-05
4.555912214791517,4.556038362358755,-1.8865394340483732e-05
4.5558958873819515,4.5560097195140585,-1.843591777728193e-05
4.555875342955963,4.555976405962161,-1.7939793224286404e-05
4.555860007795503,4.555937148485161,-1.7435388615982816e-05
4.555840472178731,4.555890970189487,-1.6856608051174504e-05
4.555826294579401,4.555836085424559,-1.628533595354753e-05
4.555807901506824,4.555770954128975,-1.5658658497397226e-05
4.555794977262406,4.555693042170329,-1.5037897480585372e-05
4.555777825711862,4.555599968251372,-1.4352137723161462e-05
4.5557662729869595,4.55548809517856,-1.367122869844195e-05
4.5557504832544655,4.555353780290167,-1.2911718176855658e-05
4.555740449550606,4.555191753363549,-1.215895505524145e-05
4.555726165344355,4.554996484452221,-1.1341924521346414e-05
4.555717765701563,4.554760286711006,-1.0535110108289558e-05
4.5557050951241385,4.554474815118962,-9.66799843737931e-06
4.555698429704688,4.554128801235684,-8.823378666811266e-06
4.555687448366805,4.5537096931838414,-7.91471104966135e-06
4.555682600282589,4.55320088949037,-7.017160363442798e-06
4.555673414046078,4.5525835424418375,-6.059905979238778e-06
4.5556704804706305,4.551833105055641,-5.121013297415544e-06
4.555663172019483,4.550921346294954,-4.116502741791095e-06
4.555662247465147,4.549811937423656,-3.153168111946769e-06
4.555656865683259,4.548462765334713,-2.1367270082173206e-06
4.5556579740111305,4.546820110864704,-1.1452975772208163e-06
4.555654575088105,4.544821453257005,-1.0240690428986454e-07
4.555657769197322,4.542387504598481,9.142798957917364e-07
4.555656403647896,4.539426038955301,2.0020297983869284e-06
4.555661773256919,4.53582052956938,3.0481727830711236e-06
4.5556624999934625,4.531436221346383,4.145947130940186e-06
4.555670065151181,4.526108390209288,5.199735283678564e-06
4.55567289946403,4.519741054355383,6.2956838000616244e-06
4.555682656518781,4.512122114876213,7.329532957012219e-06
4.555687558529944,4.502781409502539,8.422801483831677e-06
4.555699502121748,4.491127690940077,9.457289062098084e-06
4.555706473108068,4.476564468989384,1.0535799777500188e-05
4.555720573721303,4.45859987687334,1.1563826338711891e-05
4.5557296007607455,4.436889369115507,1.264044038595813e-05
4.555745854602075,4.411258808534699,1.3641546508846858e-05
4.555756883853763,4.381691618475068,1.4689514603372089e-05
4.555775233631282,4.348303971819657,1.566409167708116e-05
4.555788212037117,4.311316508255199,1.667315709408257e-05
4.55580857994547,4.271067336614742,1.7602593892718232e-05
4.555823417224903,4.228003768128506,1.8570533912409815e-05
4.555845721013295,4.1826635002183865,1.9453727169160828e-05
4.555862324679241,4.135634013190031,2.0370094437005548e-05
4.555886461202169,4.087530559963383,2.1193146269027352e-05
4.555904710971779,4.038968535307776,2.2053600733151768e-05
4.555930568403635,3.9905507016594735,2.282141337772714e-05
4.555950353798535,3.9428423525225553,2.3619412420128327e-05
4.555977807228476,3.8963589988635916,2.4299472336508643e-05
4.555998952743208,3.8515395000732475,2.501206535443501e-05
4.556027831359184,3.8087279100424034,2.5611532047165042e-05
4.556050175807302,3.7681407318618017,2.623265473511438e-05
4.556080296668655,3.7298503764782347,2.673622020088473e-05
4.556103648247704,3.6937643088445293,2.728067914548049e-05
4.556134858026946,3.6596388994881845,2.7703159039660363e-05
4.556159054565783,3.6271083324451445,2.8143035745831213e-05
4.556191144098437,3.5957738991105574,2.844990715944462e-05
4.556215954380102,3.5653123293431093,2.8782753476175316e-05
4.55624870960539,3.5356176092442553,2.8977580867728392e-05
4.556273909541837,3.506771381979844,2.920618247737039e-05
4.556307121970344,3.4787906366049826,2.9294477359442794e-05
4.556332498496556,3.45166202496257,2.9412555723862255e-05
4.556365947081792,3.4253782127750396,2.9382608578210068e-05
4.556391263713713,3.39990750552802,2.9381437245401543e-05
4.556424709956283,3.3752012728715224,2.9217359438948876e-05
4.556449698432591,3.3511604885134214,2.9082494562349126e-05
4.556482874945408,3.3276534244950016,2.8794954733957212e-05
4.5565072883420585,3.304465480024586,2.8539768877511307e-05
4.556539954483163,3.2814435507534374,2.8133631011506566e-05
4.5565635556040816,3.2581695961141977,2.7770402312388143e-05
4.556595495287787,3.233724568687514,2.7234624538685637e-05
4.556618024853159,3.207097708862571,2.672976929263271e-05
4.556648954826373,3.1774917774530165,2.6045224314152904e-05
4.556670115301787,3.1445513416933153,2.540218725988197e-05
4.556699759200892,3.1083464388745528,2.458087952694754e-05
4.556719277060841,3.0692875059927722,2.3824474951528174e-05
4.5567474081507955,3.0279648871450484,2.289582378844912e-05
4.556765068708418,2.985037379020341,2.2013357223293895e-05
4.556791434865242,2.941110428084962,2.094665669671869e-05
4.5568069620218115,2.8967236626838226,1.993145379497463e-05
4.556831297772832,2.852387662010064,1.871797517516427e-05
4.556844397972162,2.808675618443832,1.7591124299443095e-05
4.556866480021431,2.766263202619503,1.6285552503436662e-05
4.556876969077169,2.72592945387616,1.5048040990173206e-05
4.556896576103411,2.688443241329598,1.3617530643994513e-05
4.556904204138457,2.654419686092119,1.2291145648379853e-05
4.556921158394708,2.6241283802500233,1.076017603685031e-05
4.55692572449053,2.5973996981972753,9.310559054842571e-06
4.556939779512818,2.5736162863600067,7.671967490185949e-06
4.556941068425511,2.551935103892333,6.149640179753391e-06
4.556952078793177,2.5315824417662482,4.434490703975058e-06
4.556949937406919,2.5122788730422037,2.8460793841667e-06
4.5569577709519455,2.494060064552578,1.0582419012195032e-06
4.556952053890721,2.476853477918965,-5.977012431657158e-07
4.556956575549459,2.460634651026844,-2.4444821433711184e-06
4.556947164926434,2.4453942490506995,-4.133619913915254e-06
4.556948308309631,2.431143420411827,-6.024759087619458e-06
4.556935115408259,2.417887282180176,-7.751705182634794e-06
4.556932804899266,2.405629279973404,-9.680770631792512e-06
4.5569157538669955,2.3943554855779356,-1.1427158322252495e-05
4.556909950582622,2.384038523969731,-1.3395367505442124e-05
4.556888963131985,2.3746192998965716,-1.5167818607331185e-05
4.556879614945407,2.3660088619926936,-1.7137919133602963e-05
4.5568546872937175,2.3581211897247267,-1.8888346236423104e-05
4.556841838252934,2.350628540122015,-2.0851918590469865e-05
4.5568129834565365,2.3429478032605173,-2.257068883970703e-05
4.556796696875255,2.3344785325723607,-2.4500939046046e-05
4.556763981578444,2.3247929610132805,-2.6193340257663067e-05
4.556744310194739,2.313715184711545,-2.812052900225126e-05
4.55670774052044,2.301292232196563,-2.9775586623426165e-05
4.5566847590214925,2.287742024744082,-3.1648247065696467e-05
4.5566444440263085,2.2733589534192187,-3.3220004384659774e-05
4.556618319012723,2.258444844606682,-3.5016989254010866e-05
4.5565744100478005,2.24325832082446,-3.648709909054304e-05
4.556545344814542,2.2280222311487523,-3.8208724315147435e-05
4.55649799259917,2.212945879470842,-3.9595697736594104e-05
4.556466153419069,2.1982701132808713,-4.122889143731712e-05
4.556415534816296,2.1842762790949877,-4.249661058652876e-05
4.556381160197896,2.171273308161444,-4.4025569500227846e-05
4.556327483677295,2.1595267778846634,-4.5156389540945696e-05
4.556290847418814,2.149182185628715,-4.655594626878923e-05
4.5562343717847575,2.140178165342383,-4.754522174810205e-05
4.556195756975318,2.1322152921081035,-4.8827211288404726e-05
4.556136717362181,2.124758716614886,-4.966355883162521e-05
4.5560964298576545,2.117190229978606,-5.0813837149998875e-05
4.556035089687881,2.1090274403647853,-5.1508064429661715e-05
4.555993413728795,2.1000957233169273,-5.254782495045518e-05
4.55592999403798,2.0903221819668283,-5.3081464796100875e-05
4.555887250799203,2.0796209864777673,-5.396747865260565e-05
4.555822059080675,2.067957372218776,-5.433336517901566e-05
4.555778584068845,2.055306599085224,-5.508927165154276e-05
4.5557118805373715,2.0416685426014682,-5.528551385403091e-05
4.555668013041137,2.0270442688534667,-5.590326755333663e-05
4.555600074002265,2.0114478125384907,-5.5947137612477604e-05
4.555556118765912,1.994876265088914,-5.6504253221234535e-05
4.555487065495822,1.9773222251008578,-5.6484886591601224e-05
4.555443148992729,1.9587219546420145,-5.6983641055108336e-05
4.555373098213712,1.9390585281858195,-5.685637539842858e-05
4.555329436241932,1.9182906445111474,-5.7300040753105463e-05
4.555258498132206,1.8958484140799876,-5.7067013009337586e-05
4.555215302215913,1.870878967972951,-5.756964891601157e-05
4.555143358834374,1.842614242216984,-5.744679575947487e-05
4.555100408624394,1.810650251384556,-5.81343720171823e-05
4.55502709009034,1.7750425327136865,-5.82076645891938e-05
4.554983993295216,1.7362549536984226,-5.9229316231590445e-05
4.554908631457876,1.6949998274582017,-5.9651733066878876e-05
4.554864689829082,1.652069099316646,-6.121277527082469e-05
4.554786205907335,1.6081945498624544,-6.226322643421156e-05
4.554740163376214,1.5639973138658667,-6.472235001586668e-05
4.554656761207303,1.5200065348743257,-6.6813466790272e-05
4.554606536442633,1.4767380280926958,-7.067460913612322e-05
4.554515411989031,1.4347587005199174,-7.436831061768956e-05
4.554457799821398,1.3947112070881322,-8.028871245224778e-05
4.554354834564126,1.3572336959914342,-8.64092823666951e-05
4.554284981256664,1.3228456069799073,-9.543177281656767e-05
4.554163971018493,1.2918034556347926,-0.00010523906980264286
4.554074503117059,1.263975077071601,-0.0001189567024542093
4.553926057613585,1.2387710435263772,-0.00013433036348775573
4.553805842390084,1.2152529775955934,-0.00015494491843170977
4.553616167776721,1.1924060570988235,-0.00017847147474503444
4.5534488994405935,1.169531590550706,-0.00020915131069720871
4.553197865155327,1.1464194600793862,-0.0002446985471777907
4.552959502346238,1.1228792633828295,-0.0002902343983590683
4.552617396358609,1.0987320331568544,-0.0003436661895079851
4.552272169967222,1.0738727021465242,-0.00041124517166757357
4.551794906015274,1.0482281646810254,-0.0004912354926673856
4.551289698981887,1.0217705616700217,-0.0005910089727838574
4.550612888069706,0.9944823911594445,-0.0007089225114320641
4.549871853959023,0.9663683484831607,-0.0008566308276312107
4.5488996264144435,0.9374177964341851,-0.0010329974707423695
4.547805859017538,0.9077030849829374,-0.0012501508244890935
4.546399324765465,0.877243390983888,-0.001510585546205867
4.544784687925127,0.8458056170340517,-0.0018313945223851213
4.542736535720695,0.8130129598514367,-0.002217002200892715
4.540350683523341,0.7784649198195617,-0.002690475432621131
4.537355584855453,0.7418472241648411,-0.003260518619004671
4.533829646285332,0.7029849198792317,-0.003958921135888804
4.529437742583675,0.6618669195699406,-0.004801582209822186
4.524226481865687,0.6186387238455843,-0.0058334054350761555
4.517770931713523,0.5735844906914791,-0.00708153728016514
4.510063407305357,0.5271005303614473,-0.008609728148135432
4.500551475417252,0.4796694648747862,-0.010461568402391652
4.489140270500574,0.4318375677005919,-0.012727845736049126
4.475095783945154,0.38419456034454585,-0.015476904619673881
4.458186461261226,0.3373560180141257,-0.018840211366788928
4.437415361211576,0.291942369853155,-0.022924974231154582
4.412336512798917,0.24856061640772617,-0.027924348701021007
4.381566663809534,0.20777605866847684,-0.03400345531305904
4.344329602172799,0.17008180430094097,-0.04144520837249699
4.29867624706454,0.13586080232122713,-0.050496192790432826
4.243337216591933,0.10537432489189681,-0.06156774189131031
4.175540763281919,0.07876164744771796,-0.07502007036120872
4.093297075869516,0.056039189948136364,-0.09145485501227624
3.992631053257367,0.03705895877432514,-0.11138954145835545
3.870517992952805,0.021494459453923673,-0.1357092722895421
3.7212125086782826,0.008835562480337573,-0.16512343663662232
3.54027111967956,-0.0015740023743125472,-0.2009240518434059
3.319364404991471,-0.01047388689870205,-0.24401842756626135
3.0522342645470375,-0.01855907078921998,-0.2953786488341972
2.7286071073230764,-0.02636712680832768,-0.3400892387008905
2.3720557871452566,-0.034175144230442336,-0.39292461215786323
1.94275788300735,-0.04226021147393886,-0.5099319475125705
1.3521918921201155,-0.05115989879441377,-0.6919632256899289
0.5588314316274923,-0.06156918194831134,-0.8956597344068946
-0.43912757669367364,-0.07422770780800632,-1.0823124954801924
-1.6057935593328927,-0.08979174143851137,-1.2257567409328156
-2.890641058559305,-0.10877140792019992,-1.3147103568730902
-4.235214273079073,-0.13149319916635285,-1.347417330193167
-5.585475718945639,-0.15810510923000368,-1.330336129598599
-6.895886532276271,-0.18859072250513714,-1.2725723219220568
-8.130620362789752,-0.22281077237705857,-1.176746504864718
-9.249379542005707,-0.26050399998874946,-1.042046526703901
-10.214713416197554,-0.30128747354234575,-0.8731171139949119
-10.995613769995531,-0.3446681053482139,-0.680148708597426
-11.575010833392406,-0.3900806155250959,-0.47387953878108746
-11.943372847557706,-0.43691802385580947,-0.26282305819681895
-12.100656949786044,-0.48455991878803834,-0.053908691281040255
-12.051190230119786,-0.5323907382149352,0.14641330492393223
-11.80783033993818,-0.5798207679055389,0.33177166039252004
-11.387646909334746,-0.6263037350334977,0.49544654545961375
-10.816937249018952,-0.6713570113324763,0.6297165365778961
-10.128213836178954,-0.7145842736264645,0.7258524068719518
-9.365232435275049,-0.7557013449296979,0.775401499420969
-8.577410837337016,-0.7945627004494789,0.7719505379275695
-7.82133135941991,-0.831179399367294,0.7142986392214015
-7.148813558894213,-0.865726363835736,0.6097790499421993
-6.601773259535511,-0.8985178346922452,0.4786633728136107
-6.191486813266992,-0.9299542801751319,0.35484428302003
-5.892084693495451,-0.9604124743326891,0.28122233058931956
-5.629042152088353,-0.9901254888764577,0.2770429994938661
-5.337998694507719,-1.0190741259379028,0.2939586645960035
-5.041124822896346,-1.0471860200580039,0.2945832939725008
-4.748832106562717,-1.0744717990584163,0.2910364661745404
-4.459051890547265,-1.100926764608109,0.28434321856074174
-4.180145669441234,-1.1265684220225094,0.2705676727577704
-3.917916545031724,-1.151424639734519,0.24524470809370302
-3.6896562532538275,-1.1755685380182321,0.2056705009290165
-3.506575543173691,-1.199105202947951,0.14627525062469937
-3.3971057520044288,-1.2222136235616172,0.08321393398394861
-3.340147675205794,-1.2450842253142707,-0.014737323289173654
-3.426580398582776,-1.2679271490232258,-0.24404782373698364
-3.828243322679761,-1.291441107007964,-0.5750096672481839
-4.576599733079144,-1.3166409375079327,-0.8850814119617996
-5.59840614660336,-1.3444650256941615,-1.082764631274463
-6.74212899562807,-1.3755027950408716,-1.1317099469233587
-7.861826040450078,-1.409886391044625,-1.0493086227873416
-8.840746241202753,-1.4473592624658067,-0.8776747019382309
-9.61717544432654,-1.4874019193681636,-0.6634471159905724
-10.167640473183898,-1.529376154098497,-0.4466294781173037
-10.510434400561147,-1.5726392513674161,-0.25024924661546155
-10.668138966414821,-1.6166242526840253,-0.07013876357534077
-10.650711927711829,-1.66081530843409,0.11572792887699368
-10.436683108660834,-1.7046832612153506,0.32990779557215877
-9.990896336567511,-1.7476069796190628,0.5793903903642708
-9.277902327932292,-1.7888546938245466,0.8448565063007862
-8.301183323965938,-1.827634463413923,1.082210617432818
-7.113481093066656,-1.863233962322825,1.2339387055290927
-5.833305912907753,-1.895189286091214,1.2510827041900048
-4.611315684686646,-1.9234448385793337,1.1161155081404293
-3.6010748966268946,-1.9484045339896066,0.8656575789265639
-2.8800005268335185,-1.9708363663561104,0.5883846780032547
-2.4243055406203853,-1.9915931486980945,0.40777153241615816
-2.064457462001202,-2.0112447363730936,0.36596634948049034
-1.6923728416594046,-2.0298324186192045,0.35964253204314
-1.3451723979149222,-2.04737312475465,0.3430065809780132
-1.0063596797033783,-2.063930600971588,0.33721001353792
-0.6707523708390821,-2.079512248224605,0.3375206573427625
-0.33131836501785333,-2.094120953998023,0.3403097745284452
0.009867178217808267,-2.107742633632356,0.34177785546166395
0.3522373459054746,-2.1203761388266846,0.3399796416908306
0.6898264615994695,-2.1320214809615274,0.33289568977223194
1.0180287254499385,-2.142703261073162,0.31806556408532977
1.325957589770129,-2.1524560854379176,0.29267507893865274
1.603378883327244,-2.1613656130213057,0.2626668842000309
1.8512913581701909,-2.169504563117887,0.19170593276068593
1.9867907488486158,-2.177047380723967,0.03549412471012425
1.9222796075904394,-2.184476281001796,-0.16748634695243458
1.6518180549437467,-2.1924093038211785,-0.3438255313164187
1.234628544957602,-2.2013811422886556,-0.4473556483885704
0.7571067581666059,-2.211691086695952,-0.4694583554247014
0.29571183410819923,-2.2234004075980467,-0.42402005331548065
-0.09093334846435545,-2.236363578274619,-0.33615910383078884
-0.3766063735533784,-2.2503150854192935,-0.23390842313027446
-0.5587501947249044,-2.2649461649918945,-0.13779206086264958
-0.6521904952786776,-2.279975714859806,-0.055220297634663795
-0.669190789994232,-2.2951631417824623,0.018893294637857994
-0.6144039060029616,-2.3102993112905748,0.09609362316478623
-0.4770035436646595,-2.3251613675315967,0.1856492506279166
-0.24310540474712838,-2.3394904510678076,0.28688125071119697
0.09675895775773438,-2.3529842728949877,0.38540883215969624
0.5277122595722641,-2.3653478141472073,0.4559075169946393
1.008573991747013,-2.376362453452911,0.47033538502161076
1.4683830296154856,-2.3859804824312136,0.4084590944045179
1.8254921805560487,-2.394377211153372,0.2653804075398225
1.9991438446951306,-2.4019799278681737,0.06763028855800468
1.960752757672058,-2.409388713662532,-0.12112338903770326
1.7568970666197241,-2.417186407145054,-0.23380231412638375
1.4931481294192905,-2.4257005456511873,-0.27625286712220143
1.2043913323753213,-2.4350169746727,-0.3034751229289003
0.88619788356149,-2.4452244639799754,-0.32415770347708606
0.5560759254211491,-2.456381891154193,-0.33436337341150607
0.21747113673847787,-2.4685163657562863,-0.3386282768432881
-0.12118062826542712,-2.4816415150294193,-0.3384673819386746
-0.45946362713887134,-2.49575359258111,-0.33587818444406015
-0.7929369971535474,-2.510847231866235,-0.33397061051431937
-1.12740484816751,-2.526911139239904,-0.33573934315777476
-1.464415683469097,-2.5439546482381865,-0.3479403012084561
-1.8232854505844223,-2.562002377946252,-0.36177465476450965
-2.187964992998116,-2.5811271656630055,-0.3717610723700947
-2.5668075953246117,-2.6012937415835897,-0.47658082728143003
-3.1411266475609763,-2.622781967226026,-0.7205844080663084
-4.0079764114572285,-2.646365960902404,-0.9985748900903468
-5.13827642774167,-2.6728890925700353,-1.199581809957178
-6.4071400313715845,-2.702968929254166,-1.259341126073219
-7.656958679888108,-2.7367752009702753,-1.17026363122657
-8.747667293824724,-2.774038383547854,-0.9685490817704165
-9.594056843428941,-2.8141435286516616,-0.710569146419755
-10.168805586664234,-2.856322220129565,-0.4492505326274827
-10.492557908683906,-2.8997962921016325,-0.21722587084543044
-10.603257328355095,-2.9438913979258277,-0.019953461838115416
-10.532464832360137,-2.988035997761239,0.15925669656755748
-10.28474393521998,-3.0317212396928803,0.34494329191517625
-9.842578248529785,-3.0744089917391357,0.5523829484574447
-9.17997803830509,-3.1154948203188533,0.7720404749002441
-8.298497298729297,-3.1543203396289585,0.9705666494220009
-7.238844739461089,-3.1902950522461295,1.1036428373790752
-6.091211623971146,-3.2230079650389007,1.1249688848416923
-4.988906969777704,-3.2523883059320156,1.001215650365772
-4.088780323239602,-3.278790810846153,0.7391970300418058
-3.510512909694093,-3.3030122092912158,0.40422326868021496
-3.280333785879172,-3.326062980861976,0.1103556958832912
-3.2898015179275104,-3.3488620371258357,-0.04550507505848267
-3.3713439359961375,-3.371827207395912,-0.11419419245036844
-3.5181899028282473,-3.395110972211862,-0.1775409774728005
-3.7264258909417385,-3.418926498476148,-0.22625273733079476
-3.970695377489837,-3.4434029096287992,-0.25680922984620413
-4.240044350634147,-3.468635246453874,-0.2741244617361138
-4.5189443009620645,-3.4946668094433946,-0.2819036543132265
-4.8038516592606,-3.521522950218139,-0.28409970365893056
-5.087143708279926,-3.5492042481241537,-0.28511844442819223
-5.374088548116984,-3.5777176529643206,-0.27453435066373055
-5.636212409607387,-3.607040910124771,-0.25883713938269803
-5.89176282688238,-3.637088849055843,-0.2955240839022544
-6.227260577411895,-3.667965980277434,-0.40012162189930534
-6.692006070680991,-3.6999959815938026,-0.533428572862853
-7.294117723137601,-3.733579381505675,-0.656011533354742
-8.004029137390475,-3.769084450030351,-0.7399131761234923
-8.773944075384586,-3.8067570191046345,-0.771818533594776
-9.547666204580027,-3.84669076800933,-0.7487660404036234
-10.271476156191833,-3.888812790946132,-0.675078970783094
-10.897824146146215,-3.932904159921676,-0.5583779820110486
-11.38823212021393,-3.9786164333099916,-0.40764041626205927
-11.713104978670334,-4.025504523104218,-0.2311840804920431
-11.850600281198016,-4.073045004292719,-0.03636018955455533
-11.785825357779444,-4.120663095401015,0.17034901378273037
-11.509902253632555,-4.167745045822859,0.3823245668453277
-11.021176224088789,-4.213663095616368,0.5928296257775711
-10.324243002077413,-4.25778854603421,0.7938801839465315
-9.433415856195726,-4.299519955731138,0.9753981771476044
-8.373446647782204,-4.3383060024385856,1.1256427955999815
-7.182130264995763,-4.373687147209857,1.2361276849962666
-5.901191277789671,-4.405315577463822,1.3048225368309487
-4.5724851913338656,-4.432964505342532,1.3315253014491657
-3.2381406748913397,-4.456515970862401,1.3089613821999357
-1.9545624269339938,-4.475989630559919,1.2275876910023842
-0.7829652928865712,-4.491567761017955,1.0841076700410333
0.2136529131480728,-4.503608012488024,0.884071158469451
0.9851770240523307,-4.5126199824988795,0.644671549317112
1.502996011782297,-4.519221973122723,0.398633337378468
1.7824436988092667,-4.5240304080045926,0.18725163682861357
1.877499285439524,-4.527543133387593,0.047538195278293394
1.8775200893658535,-4.530001478162556,-0.047502225247401664
1.7824948349447207,-4.531531175914647,-0.18721509188498464
1.5030899055958842,-4.532326180703269,-0.398595699100821
0.9853034367430787,-4.532548931596617,-0.644632386674756
0.2138251322463723,-4.532341131703534,-0.8840302494491213
-0.7827570621551639,-4.531816818830609,-1.0840650808721206
-1.9543050294978688,-4.531073011642609,-1.227543867257272
-3.237844796669708,-4.530185335671237,-1.3089171338661476
-4.572139297230164,-4.529215649481598,-1.331481836423655
-5.900808469517018,-4.5282091460613625,-1.3047812876038045
-7.181701872437773,-4.527200367046111,-1.2360901946279186
-8.372988858772855,-4.5262113953014556,-1.125610488250142
-9.432922848938057,-4.525257074061919,-0.9753722167075081
-10.323733292187871,-4.524344023324454,-0.7938612103595695
-11.020645269657196,-4.523475219715451,-0.5928177202838363
-11.509368732755544,-4.5226492540726495,-0.382319115447566
-11.785283500552328,-4.521863949009061,-0.17034880984916345
-11.85006635245387,-4.52111528437308,0.03635694253945587
-11.712569615473416,-4.520399958839895,0.23117949068127608
-11.387707371091318,-4.5197140143855865,0.40763682607612406
-10.897295963321168,-4.519054807187754,0.5583776784982772
-10.270952014094764,-4.518419751291913,0.6750841688356468
-9.547127625649875,-4.5178080961565135,0.7487786233085814
-8.773394767477601,-4.51721979817619,0.7718400967539756
-8.003447432141924,-4.516656896631833,0.7399448015248611
-7.293505164427879,-4.516122075818478,0.6560538931930999
-6.691339645755724,-4.515619323851004,0.5334817091817547
-6.2265417460643695,-4.515152071676228,0.40018509690603477
-5.890969451943654,-4.514723412407927,0.2955968559659077
-5.635348034132554,-4.514334352643623,0.2589178247366912
-5.373133802470272,-4.51398431015829,0.274621130239876
-5.086105773652802,-4.513670104069973,0.2852093636495603
-4.802715075171151,-4.513387152089777,0.28419254430239604
-4.51772068504801,-4.513129235122405,0.2819962645568106
-4.23872254605753,-4.512890107742935,0.27421463677121016
-3.9692914115055897,-4.512663500429788,0.2568950723501
-3.72493240135733,-4.512444477350976,0.22633251952233735
-3.516626372460915,-4.512229053890478,0.17761350290757894
-3.369705395542172,-4.512014937049488,0.11425862982142987
-3.2881091128180553,-4.511800647694358,0.04556125892682328
-3.2785828776885255,-4.511585815203161,-0.11030746017152793
-3.508724033161111,-4.511370154584492,-0.40418174425643905
-4.086946366201404,-4.511153741425196,-0.7391600949311323
-4.987044223023376,-4.510936204834383,-1.0011797824468625
-6.0893059310951285,-4.510717215938507,-1.1249295454811472
-7.23690331398567,-4.510495977195162,-1.1035946035846833
-8.296495138264495,-4.510271911751064,-0.9705043632309045
-9.17791204044748,-4.5100443580552625,-0.7719599830445718
-9.840415104353639,-4.509813303671955,-0.5522826270416239
-10.282477294530727,-4.50957905277469,-0.3448244561890812
-10.530064016731801,-4.509342746129741,-0.15912393285981175
-10.60072516025035,-4.509105774158173,0.02009375526608892
-10.489876506199623,-4.508869981633619,0.21736707287466395
-10.165991014501023,-4.508636917166937,0.4493885068700294
-9.591099492459565,-4.508408013985871,0.7107035072110728
-8.744584000078877,-4.508184044450529,0.9686839714048041
-7.653731549649956,-4.507965564013357,1.1704060758299084
-6.40377184841906,-4.507752647677888,1.2594991023097828
-5.134733345030391,-4.50754546024615,1.1997610235930098
-4.0042498012330405,-4.507344011777037,0.998777311416188
-3.1371787221980147,-4.507148607801053,0.7208072631790612
-2.562635274874918,-4.506959486612363,0.4768181142332779
-2.183542493731459,-4.506777145218559,0.37200510093285855
-1.818625073009201,-4.506601931153984,0.3620190301127748
-1.4595044335059093,-4.506434325855761,0.3481813922450605
-1.12226228851908,-4.506274544717937,0.335978000635333
-0.7875484322352433,-4.5061228259875055,0.33421168658156686
-0.45383891535594634,-4.5059790880601485,0.33613031298429286
-0.11528780626665754,-4.505843264021298,0.33874087455482327
0.22364283375370014,-4.505715027271538,0.33893412945730195
0.5625804526479463,-4.505594152855626,0.33471117091138447
0.8930651755764691,-4.505480265775614,0.32455537041177307
1.2116911934714925,-4.505373174124904,0.303927913226665
1.5009210020297992,-4.505272589082393,0.2767642691732617
1.7652197318180158,-4.505178400456275,0.23437362318925503
1.9696682484083092,-4.50509036486682,0.12175465556980003
2.008729042957616,-4.50500834608825,-0.0669410460000055
1.8357861564082982,-4.504932006973938,-0.26463647021353176
1.4794561025305524,-4.504861049641164,-0.4076665532661875
1.0204530498759232,-4.504794931965058,-0.46950443087721794
0.5404472407761165,-4.5047331260068795,-0.4550564257099109
0.11034019845610148,-4.504674890798193,-0.384564716188896
-0.2286821916016755,-4.504619590516681,-0.2860780239160286
-0.4618158493759557,-4.504566538405741,-0.18491754703963126
-0.598517285680938,-4.5045153346254105,-0.09544858752364552
-0.6527130244232467,-4.50446568535774,-0.018321755393484518
-0.635160796467907,-4.504417645224878,0.05576286317588347
-0.5411872980714798,-4.504371328547553,0.1383756484833779
-0.3584094995011512,-4.5043270495554575,0.23461097308245318
-0.07196535190657342,-4.504284999371359,0.3370480050938389
0.31568651068652664,-4.5042454039174284,0.42513577686366294
0.7783062018207525,-4.504208275692345,0.4708101985873165
1.2573069078611596,-4.504173642869811,0.4489251091318476
1.6761564200844477,-4.504141359858397,0.3455785079686211
1.9484639237984018,-4.504111348266992,0.16938338490637295
2.0149231898971935,-4.504083403082554,-0.03348817922288905
1.8814875653526237,-4.504057410398193,-0.1896188039065172
1.6356855820841592,-4.504033146068169,-0.26051465300130483
1.360458259350014,-4.504010484631988,-0.2904622102208815
1.0547611616423962,-4.503989202238122,-0.3157842646536766
0.7288897300426609,-4.503969180978605,-0.33053194553990695
0.39369727056258225,-4.503950217342377,-0.3375186733291775
0.05385238338430581,-4.503932224056619,-0.3392139951276172
-0.28473071969265207,-4.503915043817557,-0.3376513225704846
-0.6214502617566634,-4.503898645240932,-0.33479471773683445
-0.954320155166321,-4.503882935139131,-0.33445860294406166
-1.2903674676447867,-4.503867942253868,-0.34028203460222706
-1.634884224370775,-4.503853623740857,-0.35699578510443497
-2.0043590378536567,-4.503840036634227,-0.3634391090879382
-2.3617624425466515,-4.503827143050366,-0.40538646063006345
-2.8151319591137836,-4.503814978850805,-0.5861444451593762
-3.534051332865404,-4.50380346886433,-0.8635434503339032
-4.54221885978159,-4.503792604111492,-1.1140946454785088
-5.7622406238224215,-4.503782274424291,-1.2491159651097918
-7.040450790001174,-4.5037724546489235,-1.2320019550983163
-8.226244534019054,-4.5037630461059575,-1.080314993654869
-9.201080777310912,-4.503754056911367,-0.8430690057218992
-9.912382545462853,-4.503745434896884,-0.5778306096395598
-10.356741996590031,-4.5037372291471405,-0.32872627316444536
-10.569835091791743,-4.503729411647191,-0.11505779178991826
-10.586857580169868,-4.503722029232895,0.0702269352230207
-10.429381221345702,-4.503715029770425,0.24978258237345763
-10.087292415422953,-4.503708421488535,0.4457287152458793
-9.537923790853943,-4.503702114945751,0.662298545939171
-8.76269532354461,-4.503696091628389,0.8764760988641416
-7.78497159312566,-4.503690254425879,1.048225608440338
-6.666244106663934,-4.503684594293303,1.1308393189029844
-5.523292955319691,-4.503679038337401,1.0821297121157953
-4.501984682432344,-4.503673607588855,0.8846396731383861
-3.7540136090429193,-4.503668260775339,0.574687938025894
-3.3526088063805557,-4.5036630453918685,0.2437767391578769
-3.2664601307271655,-4.503657940703271,0.014502151592441725
-3.3236045031956722,-4.5036530065775935,-0.08333666799414541
-3.4331334667154563,-4.503648229491727,-0.14608075155415245
-3.615766006303977,-4.503643671094172,-0.20482908114263965
-3.8427916290007356,-4.503639316897143,-0.24332667736474645
-4.10241936103347,-4.503635223701858,-0.26711978519475976
-4.377031199390255,-4.503631370044219,-0.27897361286103717
-4.660366586755544,-4.5036278026508905,-0.28352054715145414
-4.944072293693163,-4.503624488994663,-0.2849297097312835
-5.230226006218111,-4.503621462946192,-0.28245264296362915
-5.508977579620422,-4.5036186794311925,-0.26420559406083965
-5.758637194339791,-4.50361615938608,-0.26773955230999835
-6.044456684240418,-4.503613846339617,-0.34143428462473224
-6.441505763589255,-4.503611750621417,-0.4659564749055711
-6.976369634051561,-4.503609807691613,-0.5981910284256173
-7.63788782044049,-4.5036080218061665,-0.7039829867861687
-8.384335607623898,-4.503606325872502,-0.7627792037923138
-9.163446228025117,-4.503604724391732,-0.7670402585578469
-9.918416124739592,-4.503603154190798,-0.7178334243603661
-10.59911307674585,-4.503601626079734,-0.621561357869556
-11.161538840478704,-4.50360008618812,-0.48671915768431884
-11.572551392114487,-4.503598556307303,-0.3221473658796814
-11.805833572238067,-4.503596995481661,-0.13565679376533524
-11.843864979645158,-4.503595438838099,0.0659101807452167
-11.674013210747633,-4.503593859079433,0.2760801808664928
-11.291704617912172,-4.503592303625002,0.48819953931955773
-10.697614132108518,-4.503590755652903,0.6950838023324986
-9.901537013247175,-4.503589269618246,0.8877833876318055
-8.922047356844907,-4.503587832279311,1.0550669794368077
-7.79140305437356,-4.503586497617489,1.186086013399764
-6.549875330045379,-4.503585248659602,1.2755790042840456
-5.240245045805469,-4.5035841326005075,1.3236317100061434
-3.902611910033092,-4.503583124162893,1.3270384227131886
-2.5861682003790913,-4.503582261544182,1.2759721080919313
-1.3506676938492295,-4.50358151111435,1.1634399695492763
-0.2592882612805388,-4.5035809040276815,0.9903872444019004
0.6301067949545714,-4.503580401931193,0.767538298491064
1.2757883357015893,-4.503580033381093,0.5199822227777193
1.6700712405100102,-4.503579759638209,0.2857905612382008
1.847369458177991,-4.503579610553277,0.10766180450033225
1.8853948495106747,-4.503579549900443,2.220446049250313e-16
1.8473694581779914,-4.503579610553302,-0.10766180450029872
1.6700712405100773,-4.50357975963826,-0.2857905612382009
1.2757883357015896,-4.503580033381168,-0.5199822227775328
0.6301067949550118,-4.503580401931303,-0.7675382984908923
-0.259288261280195,-4.5035809040278165,-0.9903872444020481
-1.3506676938490842,-4.503581511114507,-1.1634399695492517
-2.5861682003786983,-4.503582261544366,-1.2759721080919735
-3.9026119100330314,-4.503583124163104,-1.3270384227130028
-5.240245045804704,-4.5035841326007375,-1.3236317100059947
-6.549875330045021,-4.503585248659852,-1.2755790042841078
-7.791403054372919,-4.50358649761777,-1.186086013399895
-8.92204735684481,-4.5035878322796155,-1.0550669794369147
-9.901537013246749,-4.503589269618582,-0.8877833876314583
-10.697614132107727,-4.503590755653272,-0.6950838023323076
-11.291704617911364,-4.50359230362539,-0.48819953931968385
-11.674013210747095,-4.5035938590798565,-0.27608018086635067
-11.843864979644065,-4.503595438838546,-0.06591018074522381
-11.805833572237542,-4.503596995482127,0.13565679376687445
-11.572551392110316,-4.503598556307782,0.3221473658797178
-11.161538840478107,-4.50360008618862,0.4867191576823062
-10.599113076745704,-4.503601626080249,0.6215613578707337
-9.91841612473664,-4.503603154191324,0.717833424360701
-9.163446228024302,-4.503604724392297,0.7670402585570537
-8.384335607622532,-4.503606325873097,0.762779203792523
-7.637887820439256,-4.503608021806779,0.7039829867859484
-6.976369634050635,-4.503609807692237,0.5981910284259029
-6.44150576358745,-4.503611750622064,0.46595647490550807
-6.044456684239619,-4.503613846340289,0.3414342846241749
-5.758637194339101,-4.503616159386768,0.26773955231014357
-5.508977579619332,-4.503618679431899,0.26420559406212885
-5.230226006214843,-4.503621462946915,0.28245264296504224
-4.944072293689247,-4.503624488995401,0.2849297097304091
-4.660366586754025,-4.5036278026516525,0.2835205471501183
-4.377031199389011,-4.503631370045005,0.2789736128610145
-4.102419361031996,-4.503635223702687,0.2671197851949867
-3.8427916289990374,-4.503639316897995,0.243326677364325
-3.6157660063033457,-4.503643671095045,0.20482908114243692
-3.4331334667141635,-4.503648229492628,0.14608075155446953
-3.3236045031944066,-4.503653006578511,0.08333666799432748
-3.2664601307255086,-4.503657940704215,-0.014502151592418189
-3.352608806379243,-4.503663045392826,-0.2437767391578154
-3.7540136090411393,-4.503668260776315,-0.5746879380254366
-4.501984682430116,-4.503673607589849,-0.8846396731384762
-5.523292955318092,-4.503679038338418,-1.0821297121152957
-6.666244106660708,-4.503684594294337,-1.1308393189032993
-7.78497159312469,-4.503690254426926,-1.048225608440906
-8.76269532354252,-4.5036960916294575,-0.8764760988637881
-9.537923790852266,-4.503702114946836,-0.6622985459397555
-10.08729241542203,-4.503708421489632,-0.44572871524566704
-10.4293812213436,-4.503715029771532,-0.2497825823724238
-10.586857580166878,-4.503722029234014,-0.07022693522316104
-10.569835091789923,-4.503729411648329,0.11505779178903541
-10.356741996588807,-4.503737229148292,0.32872627316403413
-9.912382545461854,-4.503745434898052,0.577830609639518
-9.201080777309771,-4.50375405691255,0.8430690057228416
-8.226244534016171,-4.503763046107153,1.0803149936545546
-7.040450790000662,-4.503772454650153,1.232001955097208
-5.762240623821755,-4.503782274425529,1.2491159651098438
-4.5422188597809745,-4.503792604112749,1.1140946454786467
-3.534051332864462,-4.503803468865598,0.863543450334181
-2.8151319591126125,-4.503814978852089,0.5861444451594406
-2.3617624425455808,-4.503827143051659,0.4053864606304498
-2.004359037851713,-4.50384003663554,0.3634391090880934
-1.634884224369394,-4.50385362374218,0.3569957851052491
-1.2903674676412147,-4.5038679422552015,0.3402820346020538
-0.9543201551652863,-4.503882935140488,0.33445860294275725
-0.6214502617557002,-4.503898645242298,0.3347947177367357
-0.28473071969181496,-4.5039150438189335,0.3376513225702844
0.05385238338486868,-4.503932224058003,0.33921399512763706
0.3936972705634591,-4.503950217343777,0.3375186733294405
0.7288897300437497,-4.50396918098002,0.3305319455400486
1.0547611616435564,-4.503989202239553,0.31578426465376924
1.3604582593512882,-4.504010484633433,0.29046221022094865
1.6356855820854537,-4.504033146069626,0.26051465300116194
1.881487565353612,-4.504057410399661,0.18961880390632135
2.0149231898980964,-4.504083403084034,0.03348817922292613
1.9484639237994643,-4.504111348268489,-0.1693833849063594
1.6761564200853776,-4.504141359859907,-0.3455785079688857
1.257306907861693,-4.504173642871332,-0.4489251091317243
0.778306201821929,-4.504208275693878,-0.470810198586868
0.3156865106879569,-4.50424540391898,-0.4251357768639309
-0.0719653519059328,-4.504284999372925,-0.33704800509455424
-0.3584094995011516,-4.504327049557033,-0.23461097308275142
-0.5411872980714356,-4.504371328549136,-0.1383756484832376
-0.6351607964676268,-4.5044176452264715,-0.055762863175630784
-0.6527130244226972,-4.504465685359347,0.018321755393647443
-0.5985172856803319,-4.504515334627026,0.09544858752341856
-0.46181584937586007,-4.504566538407364,0.18491754703933166
-0.2286821916016686,-4.5046195905183115,0.28607802391598114
0.11034019845610224,-4.504674890799841,0.3845647161888923
0.5404472407761161,-4.504733126008546,0.4550564257099106
1.0204530498759234,-4.504794931966731,0.46950443087714777
1.4794561025304116,-4.50486104964285,0.40766655326609136
1.8357861564081062,-4.504932006975636,0.26463647021348646
2.0087290429573845,-4.50500834608996,0.0669410459999048
1.9696682484079158,-4.505090364868542,-0.12175465556973153
1.7652197318179215,-4.505178400458008,-0.2343736231892306
1.5009210020294546,-4.505272589084137,-0.27676426917335917
1.2116911934712031,-4.5053731741266585,-0.30392791322683893
0.8930651755757767,-4.505480265777377,-0.32455537041178506
0.562580452647633,-4.5055941528574035,-0.3347111709113781
0.22364283375302055,-4.505715027273328,-0.3389341294572976
-0.11528780626696221,-4.505843264023099,-0.33874087455481705
-0.4538389153566135,-4.505979088061961,-0.33613031298454477
-0.7875484322360518,-4.506122825989337,-0.3342116865825382
-1.12226228852169,-4.506274544719776,-0.33597800063530625
-1.4595044335066643,-4.506434325857604,-0.3481813922442175
-1.818625073010125,-4.506601931155829,-0.3620190301133932
-2.1835424937334507,-4.506777145220413,-0.37200510093276584
-2.5626352748756567,-4.506959486614237,-0.4768181142332324
-3.1371787221999154,-4.507148607802943,-0.7208072631790645
-4.004249801233786,-4.507344011778936,-0.9987773114159442
-5.134733345031804,-4.507545460248063,-1.199761023593397
-6.40377184842058,-4.507752647679816,-1.2594991023095168
-7.653731549650837,-4.507965564015295,-1.1704060758296344
-8.744584000079849,-4.50818404445248,-0.9686839714053628
-9.591099492461563,-4.508408013987838,-0.7107035072111314
-10.165991014502112,-4.508636917168909,-0.44938850686987664
-10.489876506201316,-4.5088699816355975,-0.21736707287474477
-10.600725160251601,-4.509105774160158,-0.020093755265804703
-10.530064016732926,-4.509342746131732,0.15912393285992366
-10.282477294531754,-4.509579052776695,0.3448244561891274
-9.84041510435467,-4.509813303673967,0.5522826270408867
-9.17791204044998,-4.51004435805728,0.7719599830431338
-8.296495138268403,-4.5102719117530885,0.9705043632311949
-7.2369033139875905,-4.510495977197191,1.10359460358587
-6.089305931096663,-4.510717215940534,1.1249295454806987
-4.987044223026193,-4.510936204836415,1.0011797824464246
-4.086946366203814,-4.511153741427233,0.7391600949311108
-3.5087240331639715,-4.511370154586535,0.40418174425683806
-3.278582877690138,-4.511585815205208,0.11030746017201998
-3.2881091128199316,-4.511800647696415,-0.045561258926917425
-3.369705395543973,-4.51201493705155,-0.11425862982335877
-3.516626372466649,-4.5122290538925505,-0.1776135029084971
-3.724932401360967,-4.512444477353061,-0.2263325195202026
-3.9692914115070543,-4.512663500431879,-0.2568950723515757
-4.2387225460641185,-4.512890107745041,-0.27421463677159696
-4.517720685050248,-4.513129235124516,-0.28199626455521276
-4.802715075174544,-4.51338715209189,-0.28419254430228724
-5.086105773654823,-4.513670104072082,-0.2852093636486579
-5.37313380247186,-4.513984310160395,-0.2746211302396313
-5.635348034134085,-4.514334352645733,-0.2589178247367365
-5.890969451945333,-4.514723412410042,-0.29559685596756324
-6.226541746069212,-4.5151520716783455,-0.40018509690645265
-6.691339645758238,-4.51561932385313,-0.5334817091801143
-7.29350516442944,-4.516122075820614,-0.6560538931926403
-8.003447432143519,-4.516656896633979,-0.7399448015255166
-8.773394767480474,-4.517219798178344,-0.771840096758087
-9.547127625659693,-4.517808096158674,-0.7487786233081257
-10.270952014096725,-4.518419751294074,-0.6750841688314972
-10.897295963322687,-4.519054807189926,-0.5583776784985366
-11.387707371093798,-4.519714014387762,-0.4076368260761969
-11.712569615475081,-4.5203999588420665,-0.23117949068126808
-11.850066352456334,-4.521115284375264,-0.03635694254100397
-11.785283500557089,-4.521863949011246,0.17034880984703804
-11.509368732762258,-4.522649254074838,0.3823191154490688
-11.020645269658951,-4.523475219717644,0.5928177202860088
-10.32373329219024,-4.524344023326649,0.7938612103589806
-9.43292284894099,-4.525257074064119,0.9753722167064298
-8.372988858777381,-4.52621139530366,1.1256104882501874
-7.181701872440615,-4.52720036704832,1.236090194628623
-5.900808469520135,-4.528209146063576,1.304781287604225
-4.572139297232165,-4.5292156494838185,1.3314818364235204
-3.2378447966730945,-4.530185335673461,1.3089171338653092
-1.954305029501547,-4.531073011644839,1.2275438672567058
-0.7827570621596828,-4.531816818832844,1.0840650808727117
0.2138251322438763,-4.532341131705778,0.8840302494482166
0.9853034367367506,-4.532548931598866,0.6446323866737719
1.50308990559142,-4.532326180705523,0.39859569910200543
1.7824948349407614,-4.531531175916907,0.18721509188514784
1.8775200893617157,-4.530001478164823,0.047502225247006535
1.8774992854347745,-4.527543133389865,-0.04753819527867009
1.7824436988043755,-4.524030408006871,-0.18725163682831547
1.5029960117781436,-4.519221973125005,-0.39863333737862916
0.9851770240471172,-4.512619982501171,-0.6446715493180686
0.21365291314200646,-4.5036080124903215,-0.884071158468342
-0.782965292889567,-4.491567761020259,-1.0841076700410168
-1.954562426940027,-4.475989630562226,-1.227587691003428
-3.238140674896423,-4.456515970864713,-1.3089613821992538
-4.572485191338535,-4.432964505344849,-1.331525301448486
-5.901191277793395,-4.405315577466148,-1.3048225368326487
-7.182130265003832,-4.373687147212191,-1.2361276849960912
-8.373446647785578,-4.338306002440927,-1.1256427955998407
-9.433415856203514,-4.299519955733483,-0.9753981771506224
-10.324243002086822,-4.257788546036561,-0.7938801839449887
-11.021176224093491,-4.2136630956187275,-0.5928296257754102
-11.509902253637643,-4.167745045825225,-0.38232456684448834
-11.785825357782468,-4.120663095403388,-0.1703490137823671
-11.850600281202377,-4.073045004295098,0.036360189554583755
-11.7131049786733,-4.025504523106608,0.23118408049191075
-11.388232120218555,-3.9786164333123986,0.4076404162617129
-10.897824146149874,-3.932904159924088,0.5583779820125638
-10.271476156193428,-3.888812790948551,0.6750789707829945
-9.547666204583885,-3.846690768011763,0.7487660404008292
-8.77394407539177,-3.8067570191070743,0.771818533594514
-8.004029137394857,-3.769084450032801,0.7399131761259974
-7.294117723139775,-3.733579381508136,0.6560115333540382
-6.692006070686781,-3.6999959815962713,0.5334285728621029
-6.227260577415569,-3.667965980279912,0.4001216219006207
-5.8917628268855395,-3.637088849058328,0.2955240839014621
-5.636212409612645,-3.607040910127263,0.2588371393823201
-5.374088548120899,-3.5777176529668218,0.2745343506646414
-5.087143708283362,-3.5492042481266677,0.28511844442782497
-4.803851659265249,-3.521522950220671,0.2840997036576578
-4.518944300968046,-3.494666809445936,0.28190365431146613
-4.240044350642317,-3.468635246456425,0.27412446173580673
-3.970695377496433,-3.4434029096313616,0.25680922984848564
-3.726425890945346,-3.418926498478722,0.22625273733225004
-3.518189902831933,-3.3951109722144466,0.1775409774725618
-3.371343936000222,-3.371827207398505,0.11419419244864537
-3.289801517934642,-3.3488620371284403,0.04550507505915702
-3.280333785881908,-3.3260629808645903,-0.11035569588168004
-3.510512909698002,-3.30301220929384,-0.40422326868071834
-4.088780323243345,-3.2787908108487906,-0.7391970300423363
-4.988906969782675,-3.252388305934668,-1.0012156503659622
-6.091211623975269,-3.223007965041567,-1.1249688848405546
-7.238844739463784,-3.190295052248811,-1.1036428373786995
-8.298497298732668,-3.154320339631652,-0.9705666494222345
-9.179978038308253,-3.115494820321557,-0.7720404749000327
-9.842578248532734,-3.0744089917418522,-0.5523829484571472
-10.284743935222547,-3.0317212396956097,-0.3449432919152917
-10.532464832363317,-2.9880359977639794,-0.15925669656876895
-10.603257328360085,-2.9438913979285863,0.019953461837968867
-10.49255790868738,-2.8997962921044014,0.2172258708458692
-10.168805586668347,-2.8563222201323444,0.44925053262748804
-9.594056843432403,-2.8141435286544527,0.7105691464203492
-8.747667293827648,-2.774038383550655,0.9685490817668523
-7.656958679898699,-2.7367752009730983,1.1702636312271824
-6.407140031373284,-2.702968929257001,1.259341126076043
-5.138276427746613,-2.67288909257288,1.1995818099562925
-4.007976411460699,-2.646365960905257,0.998574890091084
-3.1411266475644446,-2.6227819672288906,0.7205844080667736
-2.5668075953271514,-2.6012937415864656,0.47658082728087914
-2.1879649930026863,-2.5811271656658894,0.3717610723701177
-1.823285450586916,-2.562002377949151,0.3617746547652504
-1.4644156834721855,-2.543954648241094,0.34794030120738473
-1.1274048481721466,-2.526911139242831,0.3357393431578955
-0.7929369971563945,-2.510847231869172,0.33397061051524946
-0.45946362714164773,-2.495753592584062,0.3358781844444497
-0.12118062826749507,-2.481641515032386,0.3384673819372887
0.21747113673292967,-2.4685163657592657,0.3386282768421469
0.5560759254167987,-2.4563818911571853,0.33436337341183764
0.8861978835566049,-2.445224463982982,0.3241577034769381
1.204391332370675,-2.4350169746757224,0.30347512292960754
1.49314812941582,-2.4257005456542298,0.2762528671225676
1.7568970666158101,-2.41718640714811,0.2338023141261365
1.960752757668093,-2.409388713665603,0.12112338903698106
1.9991438446897722,-2.4019799278712544,-0.06763028855800979
1.8254921805520734,-2.3943772111564683,-0.2653804075391172
1.4683830296115379,-2.3859804824343245,-0.408459094404526
1.0085739917430214,-2.3763624534560317,-0.4703353850229215
0.5277122595656949,-2.3653478141503417,-0.455907516994904
0.09675895775321344,-2.3529842728981385,-0.38540883215837907
-0.2431054047510633,-2.339490451070974,-0.28688125071010206
-0.47700354366699066,-2.325161367534775,-0.18564925062798351
-0.6144039060070303,-2.310299311293767,-0.09609362316617068
-0.669190789999332,-2.2951631417856695,-0.018893294637493507
-0.6521904952820173,-2.2799757148630246,0.055220297636059346
-0.5587501947272133,-2.264946164995124,0.13779206086278256
-0.3766063735564522,-2.2503150854225296,0.2339084231281061
-0.09093334847100107,-2.2363635782778712,0.3361591038287334
0.2957118341010145,-2.223400407601316,0.4240200533169748
0.7571067581629485,-2.2116910866992323,0.46945835542573267
1.2346285449524799,-2.201381142291953,0.4473556483878428
1.651818054938634,-2.1924093038244874,0.34382553131640303
1.922279607585286,-2.1844762810051153,0.16748634695262243
1.986790748843879,-2.1770473807272994,-0.0354941247099515
1.851291358165383,-2.169504563121231,-0.19170593276094328
1.6033788833219924,-2.1613656130246555,-0.26266688420010587
1.3259575897651712,-2.1524560854412798,-0.2926750789381206
1.0180287254457512,-2.142703261076531,-0.3180655640855886
0.689826461593994,-2.1320214809649105,-0.3328956897727038
0.35223734590034356,-2.1203761388300784,-0.3399796416906321
0.009867178212729791,-2.1077426336357585,-0.34177785546131734
-0.3313183650222912,-2.0941209540014447,-0.3403097745295341
-0.6707523708463384,-2.0795122482280473,-0.3375206573424174
-1.006359679707126,-2.063930600975037,-0.3372100135366756
-1.3451723979196897,-2.0473731247581024,-0.3430065809775398
-1.6923728416622055,-2.0298324186226724,-0.3596425320431266
-2.064457462005943,-2.0112447363765766,-0.3659663494828833
-2.424305540627972,-1.9915931487015792,-0.4077715324170659
-2.8800005268400746,-1.9708363663596022,-0.5883846780015769
-3.601074896631126,-1.9484045339931066,-0.8656575789259997
-4.611315684692074,-1.9234448385828498,-1.116115508141353
-5.833305912913832,-1.8951892860947457,-1.251082704189166
-7.113481093070406,-1.8632339623263667,-1.2339387055298467
-8.301183323973525,-1.8276344634174797,-1.0822106174341406
-9.277902327938687,-1.7888546938281127,-0.8448565062983722
-9.99089633657027,-1.7476069796226337,-0.5793903903627191
-10.436683108664125,-1.7046832612189324,-0.3299077955728391
-10.650711927715948,-1.6608153084376787,-0.11572792887777705
-10.66813896641968,-1.6166242526876256,0.07013876357389748
-10.510434400568153,-1.5726392513710294,0.25024924661615433
-10.16764047318737,-1.5293761541021191,0.4466294781189548
-9.617175444330243,-1.4874019193717958,0.6634471159902171
-8.840746241206936,-1.4473592624694414,0.8776747019387368
-7.86182604045277,-1.409886391048263,1.0493086227881991
-6.742128995630538,-1.375502795044518,1.1317099469228147
-5.59840614660714,-1.3444650256978155,1.0827646312740487
-4.576599733082441,-1.316640937511587,0.8850814119617227
-3.828243322683695,-1.2914411070116247,0.5750096672483731
-3.4265803985856946,-1.2679271490268922,0.2440478237363315
-3.340147675211032,-1.2450842253179475,0.014737323289524706
-3.397105752006645,-1.2222136235653032,-0.08321393398394172
-3.5065755431789154,-1.1991052029516391,-0.14627525062631852
-3.6896562532592823,-1.1755685380219172,-0.20567050092793626
-3.917916545034788,-1.1514246397382029,-0.24524470809441024
-4.180145669448103,-1.1265684220262018,-0.27056767275772575
-4.459051890550239,-1.10092676461179,-0.2843432185583268
-4.748832106564756,-1.0744717990621044,-0.29103646617452483
-5.041124822899289,-1.0471860200616923,-0.2945832939723432
-5.337998694509443,-1.0190741259415985,-0.2939586645958414
-5.629042152090972,-0.9901254888801646,-0.2770429994942414
-5.892084693497925,-0.9604124743364038,-0.28122233058886703
-6.191486813268706,-0.929954280178855,-0.35484428302128723
-6.6017732595405,-0.8985178346959674,-0.4786633728148626
-7.148813558898431,-0.8657263638394694,-0.6097790499420275
-7.821331359424555,-0.8311793993710375,-0.7142986392213255
-8.577410837341082,-0.7945627004532322,-0.7719505379269513
-9.365232435278458,-0.7557013449334593,-0.7754014994202691
-10.12821383618162,-0.7145842736302062,-0.7258524068723178
-10.816937249023093,-0.6713570113362233,-0.6297165365773578
-11.387646909336336,-0.6263037350372567,-0.49544654545899114
-11.807830339941075,-0.5798207679093051,-0.33177166039415074
-12.051190230124638,-0.5323907382187149,-0.14641330492323146
-12.100656949787538,-0.48455991879182786,0.05390869128263631
-11.943372847559365,-0.4369180238596028,0.26282305819633667
-11.575010833394865,-0.39008061552888557,0.47387953878117894
-10.995613769997007,-0.3446681053520138,0.6801487085977884
-10.214713416199288,-0.3012874735461518,0.8731171139945948
-9.249379542007818,-0.2605039999925581,1.0420465267037589
-8.13062036279177,-0.2228107723808637,1.176746504864946
-6.895886532277926,-0.18859072250894623,1.2725723219215337
-5.585475718948703,-0.15810510923381685,1.3303361295987424
-4.235214273080441,-0.13149319917017413,1.3474173301933303
-2.8906410585620423,-0.10877140792402581,1.3147103568728327
-1.6057935593347756,-0.08979174144234013,1.22575674093271
-0.4391275766966226,-0.07422770781184022,1.0823124954800787
0.5588314316253816,-0.0615691819521495,0.8956597344072925
1.3521918921179623,-0.05115989879824687,0.6919632256899904
1.9427578830053622,-0.04226021147777381,0.5099319475124938
2.37205578714295,-0.03417514423427773,0.3929246121579021
2.7286071073211664,-0.026367126812163653,0.3400892387010732
3.0522342645450964,-0.018559070793054758,0.2953786488342358
3.319364404989638,-0.010473886902539482,0.24401842756590808
3.5402711196769125,-0.0015740023781509796,0.20092405184331819
3.7212125086762744,0.00883556247649909,0.1651234366371812
3.870517992951275,0.02149445945008587,0.13570927229009988
3.992631053256474,0.037058958770477005,0.11138954145854618
4.093297075868367,0.056039189944294285,0.09145485501183037
4.175540763280135,0.07876164744388253,0.07502007036063452
4.243337216589636,0.10537432488805641,0.061567741891055405
4.298676247062246,0.1358608023173764,0.05049619279049722
4.344329602170631,0.17008180429709832,0.041445208373198206
4.381566663808642,0.20777605866463003,0.03400345531325
4.412336512797131,0.24856061640388943,0.02792434870038285
4.437415361209408,0.2919423698493376,0.022924974231265605
4.458186461259662,0.3373560180103046,0.018840211366995874
4.4750957839434,0.38419456034072863,0.015476904619754706
4.489140270499171,0.4318375676967743,0.012727845735746257
4.500551475414892,0.4796694648709745,0.010461568402071908
4.510063407303315,0.5271005303576302,0.008609728148740725
4.5177709317123735,0.573584490687668,0.007081537280039019
4.524226481863393,0.6186387238417713,0.005833405434662264
4.529437742581698,0.6618669195661182,0.004801582210251176
4.533829646283896,0.7029849198754076,0.003958921135857274
4.537355584853413,0.7418472241610283,0.0032605186183518597
4.540350683520599,0.778464919815751,0.0026904754328760383
4.542736535719165,0.8130129598476217,0.0022170022015628454
4.544784687923725,0.8458056170302474,0.0018313945222421246
4.546399324763649,0.8772433909800835,0.0015105855462524964
4.54780585901623,0.9077030849791324,0.0012501508242337422
4.548899626412116,0.9374177964303892,0.0010329974708072065
4.549871853957844,0.9663683484793664,0.0008566308277266899
4.55061288806757,0.9944823911556521,0.0007089225111291952
4.551289698980103,1.021770561666233,0.0005910089728478063
4.551794906013265,1.0482281646772482,0.0004912354923471973
4.552272169964797,1.0738727021427648,0.0004112451714601839
4.552617396356186,1.0987320331531019,0.0003436661892375348
4.552959502343272,1.1228792633790745,0.0002902343987414291
4.553197865153669,1.146419460075631,0.00024469854735365004
4.55344889943798,1.1695315905469488,0.00020915131063370396
4.553616167774936,1.1924060570950779,0.00017847147514293837
4.5538058423882655,1.2152529775918477,0.00015494491785705833
4.55392605761065,1.2387710435226333,0.00013433036277099575
4.5540745031138075,1.2639750770678586,0.00011895670255057667
4.554163971015751,1.2918034556310571,0.0001052390703280004
4.5542849812544635,1.322845606976176,9.543177268911407e-05
4.5543548345611296,1.357233695987705,8.640928266956394e-05
4.554457799819803,1.3947112070844023,8.02887125952445e-05
4.55451541198632,1.4347587005161877,7.436830986984333e-05
4.554606536439542,1.4767380280889688,7.067460959930827e-05
4.554656761205519,1.5200065348705933,6.681346664505483e-05
4.554740163372832,1.563997313862138,6.472235001453441e-05
4.554786205905548,1.6081945498587318,6.226322696001318e-05
4.554864689826752,1.652069099312926,6.121277469706143e-05
4.554908631454942,1.6949998274544895,5.965173308331018e-05
4.554983993292919,1.7362549536947054,5.922931540247589e-05
4.555027090085747,1.7750425327099688,5.82076638564466e-05
4.555100408620632,1.810650251380859,5.813437302304436e-05
4.555143358831793,1.8426142422132854,5.744679649222206e-05
4.555215302213616,1.87087896796926,5.7569648803657e-05
4.5552584981294,1.8958484140762966,5.706701273888726e-05
4.555329436239094,1.9182906445074561,5.730004132686872e-05
4.555373098212054,1.9390585281821289,5.6856375223457434e-05
4.555443148989541,1.9587219546383319,5.6983641055552425e-05
4.555487065494165,1.9773222250971758,5.648488665466189e-05
4.55555611876285,1.9948762650852334,5.650425280645521e-05
4.555600073999778,2.011447812534813,5.594713716572386e-05
4.555668013037182,2.0270442688497883,5.5903266612755687e-05
4.5557118805330035,2.0416685425977885,5.528551398148451e-05
4.555778584065145,2.055306599081539,5.508927201836045e-05
4.55582205907704,2.067957372215094,5.43333651483735e-05
4.5558872507954415,2.079620986474093,5.3967478301331084e-05
4.555929994033643,2.090322181963158,5.308146391813651e-05
4.555993413723278,2.100095723313265,5.254782544472647e-05
4.556035089684532,2.1090274403611278,5.150806514730988e-05
4.556096429853572,2.117190229974949,5.08138375647782e-05
4.556136717359662,2.1247587166112365,4.966355873659012e-05
4.556195756971046,2.1322152921044566,4.882721047572147e-05
4.556234371780613,2.1401781653387397,4.754522260874694e-05
4.556290847416263,2.1491821856250795,4.655594649172201e-05
4.556327483673597,2.1595267778810308,4.5156388647438206e-05
4.556381160193558,2.171273308157825,4.402556894200771e-05
4.556415534811481,2.184276279091373,4.2496610730413664e-05
4.556466153415019,2.198270113277257,4.1228891420885816e-05
4.5564979925943225,2.212945879467226,3.9595697465699686e-05
4.55654534480995,2.22802223114514,3.820872511184348e-05
4.556574410044546,2.2432583208208543,3.648709977666087e-05
4.5566183190095035,2.2584448446030767,3.5016989732739034e-05
4.556644444024012,2.273358953415614,3.322000325267638e-05
4.556684759016009,2.28774202474048,3.1648245312432266e-05
4.556707740514637,2.3012922321929734,2.9775587482738786e-05
4.556744310190974,2.313715184707967,2.8120528969832748e-05
4.556763981572576,2.32479296100971,2.6193340099567308e-05
4.5567966968711735,2.334478532568802,2.4500940067451182e-05
4.556812983452711,2.3429478032569673,2.257068851951871e-05
4.5568418382482125,2.350628540118474,2.0851918398179237e-05
4.5568546872895075,2.3581211897211927,1.8888347449674825e-05
4.556879614943112,2.366008861989168,1.713791900659345e-05
4.556888963127521,2.374619299893054,1.51678183679671e-05
4.556909950579848,2.384038523966223,1.3395367059132468e-05
4.556915753861639,2.3943554855744345,1.142715766810909e-05
4.556932804895184,2.40562927996991,9.680771460462978e-06
4.55693511540456,2.417887282176688,7.751703812175492e-06
4.556948308302808,2.43114342040835,6.024757110534296e-06
4.556947164918781,2.445394249047229,4.133621794188969e-06
4.556956575546397,2.4606346510233883,2.4444840565074344e-06
4.556952053886894,2.476853477915514,5.97699681748054e-07
4.55695777094576,2.494060064549136,-1.058243096263567e-06
4.556949937400701,2.5122788730387633,-2.8460775038929853e-06
4.5569520787907525,2.5315824417628163,-4.43448915721234e-06
4.556941068422387,2.551935103888918,-6.149641327279909e-06
4.556939779508098,2.5736162863566068,-7.67196898987521e-06
4.556925724484407,2.597399698193882,-9.310560091790876e-06
4.556921158387914,2.6241283802466397,-1.0760175558122143e-05
4.556904204133291,2.6544196860887483,-1.2291145280229898e-05
4.556896576097354,2.6884432413262345,-1.3617530102205677e-05
4.556876969073087,2.7259294538728143,-1.5048039811560443e-05
4.556866480017731,2.7662632026161713,-1.6285552822292715e-05
4.556844397967442,2.808675618440504,-1.7591124474858333e-05
4.556831297768781,2.8523876620067408,-1.8717975460713632e-05
4.556806962016521,2.8967236626805066,-1.993145463830004e-05
4.556791434859504,2.9411104280816547,-2.0946655964415584e-05
4.556765068704592,2.985037379017047,-2.2013356649086546e-05
4.556747408146206,3.027964887141757,-2.289582348513619e-05
4.5567192770576215,3.069287505989487,-2.3824475271272405e-05
4.556699759195664,3.1083464388712763,-2.4580880277902395e-05
4.556670115297066,3.1445513416900432,-2.54021866865628e-05
4.556648954822291,3.177491777449746,-2.6045223468607048e-05
4.5566180248501285,3.2070977088593096,-2.6729769516009583e-05
4.556595495283259,3.2337245686842557,-2.7234625415317737e-05
4.556563555599298,3.258169596110949,-2.7770402693860774e-05
4.556539954477871,3.281443550750196,-2.8133631106541657e-05
4.556507288337085,3.3044654800213555,-2.8539767506607916e-05
4.556482874942858,3.327653424491773,-2.8794954558986063e-05
4.556449698427967,3.351160488510209,-2.908249491406778e-05
4.5564247099530295,3.3752012728683214,-2.9217359327926573e-05
4.556391263709311,3.399907505524823,-2.9381436958075824e-05
4.556365947079113,3.4253782127718617,-2.938260870610776e-05
4.556332498491899,3.4516620249593988,-2.9412556138197488e-05
4.556307121966837,3.478790636601815,-2.9294477263519525e-05
4.556273909537372,3.5067713819766806,-2.920618346680115e-05
4.556248709599903,3.535617609241094,-2.89775807398307e-05
4.556215954375892,3.565312329339952,-2.878275299655897e-05
4.55619114409391,3.595773899107406,-2.8449907349514802e-05
4.556159054561193,3.6271083324419973,-2.8143036671757216e-05
4.556134858020567,3.6596388994850484,-2.770315923195099e-05
4.556103648242729,3.6937643088414043,-2.728067844381954e-05
4.556080296663679,3.72985037647512,-2.6736220519740783e-05
4.55605017580169,3.768140731858696,-2.623265377899031e-05
4.556027831356121,3.8087279100393063,-2.561153115410164e-05
4.555998952739381,3.8515395000701544,-2.5012066628526952e-05
4.555977807222864,3.8963589988605074,-2.429947291160417e-05
4.555950353793558,3.942842352519471,-2.361941273942847e-05
4.555930568397385,3.9905507016563946,-2.2821413823148617e-05
4.555904710965912,4.0389685353047104,-2.2053600637672588e-05
4.55588646119611,4.087530559960318,-2.1193146078068992e-05
4.555862324673756,4.135634013186969,-2.0370094021338048e-05
4.555845721008067,4.182663500215328,-1.945372667355727e-05
4.555823417220409,4.228003768125451,-1.857053319520574e-05
4.555808579941677,4.271067336611692,-1.760259330385594e-05
4.555788212033801,4.311316508252154,-1.667315730191632e-05
4.555775233627073,4.348303971816618,-1.566409228326293e-05
4.555756883849234,4.3816916184720345,-1.4689514891141897e-05
4.555745854597291,4.411258808531673,-1.3641546731335552e-05
4.555729600755772,4.436889369112482,-1.2640440322009283e-05
4.555720573716647,4.4585998768703226,-1.1563826992411208e-05
4.555706473101787,4.476564468986372,-1.0535799427113801e-05
4.555699502117792,4.4911276909370725,-9.457288217440407e-06
4.555687558525352,4.502781409499541,-8.422802057150847e-06
4.555682656513678,4.512122114873222,-7.329532717204046e-06
4.555672899459918,4.519741054352397,-6.295683416812636e-06
4.5556700651468445,4.526108390206308,-5.199735395589045e-06
4.555662499989126,4.53143622134341,-4.145947864575561e-06
4.555661773251115,4.535820529566411,-3.0481728634512706e-06
4.5556564036433995,4.539426038952339,-2.002029511949388e-06
4.555657769192091,4.542387504595526,-9.142805641459972e-07
4.555654575082271,4.544821453254055,1.0240625014645843e-07
4.555657974004592,4.54682011086176,1.1452985169135843e-06
4.555656865679305,4.548462765331772,2.1367288747242696e-06
4.555662247462341,4.54981193742072,3.1531669000273155e-06
4.555663172013105,4.550921346292025,4.116500509798726e-06
4.555670480463361,4.55183310505272,5.1210138396484695e-06
4.555673414040784,4.5525835424389225,6.059907221800387e-06
4.555682600277804,4.55320088948746,7.017160841726877e-06
4.555687448362468,4.553709693180938,7.914712039092109e-06
4.5556984297018825,4.554128801232785,8.823377870115223e-06
4.555705095118208,4.554474815116069,9.667997959095231e-06
4.555717765697801,4.554760286708121,1.0535111479637038e-05
4.555726165341167,4.554996484449344,1.1341925269636732e-05
4.55574044954834,4.555191753360678,1.2158954208807415e-05
4.555750483249585,4.555353780287306,1.2911718034303021e-05
4.555766272984409,4.555488095175707,1.3671228986655848e-05
4.555777825707558,4.555599968248527,1.4352136575190855e-05
4.555794977257559,4.555693042167493,1.5037897400649314e-05
4.55580790150236,4.555770954126149,1.565865929409327e-05
4.555826294576147,4.555836085421739,1.628533633590834e-05
4.555840472175031,4.5558909701866765,1.6856607860216144e-05
4.555860007791868,4.5559371484823625,1.7435389381592614e-05
4.555875342953795,4.555976405959367,1.7939793191867892e-05
4.555895887378251,4.556009719511272,1.8435917234604915e-05
4.555912214788264,4.556038362355974,1.886539510564944e-05
4.555933618168463,4.556062933428054,1.9294944978209827e-05
4.55595080467822,4.556084353881133,1.9655757063308243e-05
4.555972929682589,4.556102970217073,2.0010592889363465e-05
4.555990825863999,4.556119465705742,2.030106382377994e-05
4.556013531810237,4.556134019606048,2.0587082908196663e-05
4.556032000029815,4.556147141424597,2.0813619467041633e-05
4.556055159049171,4.556158904533407,2.103826674071385e-05
4.556074076563297,4.556169702958452,2.120251889392577e-05
4.556097564086959,4.55617953759178,2.1369549235039642e-05
4.556116815661767,4.55618871995327,2.147199335000849e-05
4.556140508073659,4.556197204798488,2.1564424171671703e-05
4.55615994451011,4.556205245314591,2.1598243941767237e-05
4.556183704561542,4.556212767764411,2.16191293991308e-05
4.5562031827689085,4.556219983586749,2.1586416438346134e-05
4.556226877394419,4.556226801906757,2.155231581690842e-05
4.556246287400542,4.556233403527335,2.1457048070328e-05
4.55626979149056,4.556239687750934,2.136001699515333e-05
4.556289007434533,4.556245812508441,2.1208651786341903e-05
4.556312208794132,4.556251672384325,2.105074832714493e-05
4.556331108931187,4.556257408269037,2.0841040307306713e-05
4.556353890874747,4.556262913450235,2.0626402629897456e-05
4.556372361736447,4.556268315809035,2.0363798420852675e-05
4.556394618471589,4.556273509403214,2.0096182350215486e-05
4.556412554101147,4.556278611728233,1.977370816286239e-05
4.556434165887914,4.556283518855726,1.945143034154384e-05
4.55645145696183,4.556288340021098,1.9071259837577514e-05
4.5564723084075895,4.5562929741252995,1.8683627423410343e-05
4.556488824216677,4.5562975236571335,1.8257870664228903e-05
4.556508824148918,4.556301890843047,1.7841167968768445e-05
4.5565245065526145,4.5563061725692835,1.738955205565773e-05
4.556543603253029,4.556310274485296,1.6941885268462187e-05
4.5565583903231515,4.556314288670214,1.645091629409734e-05
4.5565765050856175,4.556318124306773,1.5945575908560272e-05
4.556590281474969,4.556321869118477,1.540585545356521e-05
4.556607316796525,4.556325436061208,1.4875478331788372e-05
4.556620032431632,4.556328909544554,1.4305118622104374e-05
4.556635927033769,4.556332206042081,1.3743224155593481e-05
4.556647518879943,4.556335406830111,1.3170694372455216e-05
4.556662268422514,4.556338431593788,1.2613389491988869e-05
4.556672745658927,4.556341358642133,1.2026559900402134e-05
4.556686321542315,4.556344110850906,1.1435297226469743e-05
4.55669561625338,4.556346764039685,1.0807381793043191e-05
4.556707936305901,4.556349244180938,1.019960194481584e-05
4.55671601545727,4.556351624831172,9.570263439062643e-06
4.556727076832779,4.556353834840328,8.944349729311796e-06
4.5567339041567285,4.556355945611969,8.298540896678475e-06
4.556743673914572,4.556357888807972,7.66735377855099e-06
4.556749238864286,4.556359733837766,7.012998326061393e-06
4.556757699911224,4.556361414870165,6.37448081963754e-06
4.556761987825925,4.5563629995034045,5.7178115433487164e-06
4.556769135534311,4.556364424408087,5.078340067576903e-06
4.55677214450606,4.5563657554459525,4.426212947716834e-06
4.556777987960206,4.556366931500044,3.7882505403707967e-06
4.556779721007141,4.556368016843849,3.1357661498532252e-06
4.556784259492506,4.5563689525215745,2.49925519879568e-06
4.556784719517538,4.556369801312773,1.8546390943008362e-06
4.556787968770695,4.556370506319226,1.2212513227360944e-06
4.556787162020184,4.556371128939427,5.796011475212026e-07
4.55678912797299,4.556371614072112,-3.557375727325507e-08
4.556787090872669,4.556372021697392,-6.601194342259475e-07
4.556787807734121,4.55637229855452,-1.272064364510328e-06
4.55678454674394,4.5563725033575775,-1.8890367194934754e-06
4.556784029660682,4.55637258450719,-2.4785114782766016e-06
4.556779589720984,4.556372599533326,-3.064340624803208e-06
4.556777900979433,4.556372498340778,-3.6193194046241217e-06
4.5567723510821745,4.55637233716428,-4.169201530235256e-06
4.556769562576372,4.556372067195244,-4.702500621345251e-06
4.556762946080932,4.556371743541095,-5.23911074568062e-06
4.556759084354881,4.556371318728316,-5.749609407246226e-06
4.556751446862117,4.556370846756616,-6.26364635047949e-06
4.55674655706218,4.5563702813481015,-6.753809902004804e-06
4.556737939242313,4.5563696754660254,-7.227118495656271e-06
4.556732102825189,4.556368983953955,-7.673784805373174e-06
4.5567225916727025,4.556368258607431,-8.122356025541677e-06
4.5567158581131375,4.55636745521781,-8.54234818215005e-06
4.556705506976338,4.556366624615789,-8.956910539481555e-06
4.5566979442920585,4.556365723575956,-9.344781886078124e-06
4.556686817412566,4.5563648019233325,-9.737006104959534e-06
4.556678470279849,4.556363817262949,-1.0103534088923283e-05
4.556666610344388,4.556362818369066,-1.0450827423902354e-05
4.556657568625001,4.556361763566401,-1.077538368976505e-05
4.556645059577009,4.556360700699536,-1.1102535316886986e-05
4.556635363554367,4.556359588777726,-1.140008659117342e-05
4.556622259403826,4.556358474721668,-1.168631251502461e-05
4.556611990929337,4.55635731830233,-1.1953008242748808e-05
4.556598353387341,4.55635616559101,-1.2205712946133929e-05
4.556587579503445,4.556354976810028,-1.2431177280003425e-05
4.556573491032781,4.556353797041333,-1.2644163776442952e-05
4.556562291175892,4.5563525870615935,-1.282823885606632e-05
4.556547834555069,4.556351391049703,-1.299389512121607e-05
4.556536303385649,4.556350170222692,-1.3134190433916615e-05
4.556521566174201,4.556348968054931,-1.3266557205238172e-05
4.556509770271239,4.556347746267406,-1.3376292935962653e-05
4.556494813588329,4.556346547498236,-1.3474915195654802e-05
4.556482820440848,4.556345333797906,-1.353817074312147e-05
4.556467737246843,4.556344147009975,-1.3597028124312516e-05
4.556455626384599,4.556342949482985,-1.363364964923619e-05
4.556440469947544,4.55634178235819,-1.3649755836286914e-05
4.556428326872926,4.556340608400701,-1.3641536686037625e-05
4.556413186874172,4.556339468029117,-1.362110036717823e-05
4.556401084672192,4.556338324260864,-1.3572099076153421e-05
4.55638604267602,4.556337216823445,-1.3509937722755438e-05
4.556374064796747,4.556336108922672,-1.3420664699559381e-05
4.556359201346621,4.556335039592467,-1.3324826226401854e-05
4.556347415144294,4.556333972364256,-1.3209886654763636e-05
4.556332781573311,4.556332945733536,-1.3079499475043832e-05
4.556321256145344,4.556331923478767,-1.2932643654650633e-05
4.556306916286002,4.556330943581812,-1.278318510777865e-05
4.556295689775128,4.55632996997526,-1.2614751117023815e-05
4.556281686783768,4.5563290400432495,-1.2424547719991352e-05
4.556270840679688,4.556328117897187,-1.2214799633092355e-05
4.556257257184502,4.556327240404907,-1.199943123442182e-05
4.556246841817219,4.556326371877448,-1.1760222784040764e-05
4.556233736738934,4.5563255487398235,-1.1510660538949224e-05
4.556223820496141,4.556324735534861,-1.125025639270305e-05
4.556211236226148,4.556323968283609,-1.0985082286030234e-05
4.556201850331569,4.5563232116799215,-1.0698643223783222e-05
4.556189838939701,4.5563225013579185,-1.0395552934472363e-05
4.5561810592257,4.55632180216117,-1.0079134439067161e-05
4.5561696806708225,4.556321149446236,-9.757413281352711e-06
4.556161544399138,4.55632050825134,-9.422301482153728e-06
4.556150836067858,4.55631991357065,-9.074355451499372e-06
4.556143395688235,4.556319330534174,-8.711021923346607e-06
4.5561334140240115,4.5563187938554375,-8.342220440660242e-06
4.556126711247353,4.556318268825866,-7.953468893262539e-06
4.556117507086225,4.5563177899296115,-7.551032844776984e-06
4.556111609181664,4.556317322594767,-7.144876897235974e-06
4.5561032173324305,4.556316901140038,-6.743003077680498e-06
4.556098123175508,4.556316491152038,-6.32137565403923e-06
4.556090574581122,4.556316126756949,-5.896252439185901e-06
4.55608633067063,4.55631577360367,-5.46738104212352e-06
4.556079639819038,4.556315465697689,-5.030070375333651e-06
4.556076270529879,4.556315168847598,-4.584155772757725e-06
4.556070471507493,4.556314916942704,-4.1321963326623745e-06
4.556068006137214,4.556314675885626,-3.684565050843247e-06
4.556063102377391,4.556314479520347,-3.234833578780183e-06
4.5560615364700565,4.55631429378264,-2.774991852305675e-06
4.556057552393686,4.556314152385875,-2.318959039460111e-06
4.556056898551978,4.556314021403281,-1.8585516898816934e-06
4.556053835290307,4.556313934553928,-1.3870946595773148e-06
4.556054124362658,4.556313858014961,-9.251279333710727e-07
4.55605198503444,4.5563138255770514,-2.1393282185755425e-06
