planar,macroscopic
7.926183985859418,7.926093094319398
7.926001437910521,7.926097614204603
7.92618373375414,7.926092773818594
7.926001272889439,7.926097355941397
7.926183667945142,7.926092576851552
7.92600125885991,7.926097219129256
7.92618375957793,7.926092495805548
7.92600138368202,7.926097194162307
7.926184020336875,7.926092521993703
7.926001658838437,7.926097271550272
7.9261844283268745,7.926092645275241
7.926002065814984,7.926097442616844
7.926184964263008,7.926092855921329
7.926002555048972,7.926097692921196
7.926185610416965,7.926093136414379
7.926003165856511,7.926098004249774
7.9261863836298945,7.9260934677926524
7.926003867727034,7.926098357405831
7.9261872496056265,7.926093831102433
7.926004622238801,7.9260987327143795
7.926188145698826,7.926094204730191
7.926005341013751,7.926099106127795
7.926189055504179,7.926094562673209
7.92600610264061,7.926099452356591
7.926189936729339,7.926094882626714
7.926006741361743,7.926099750438802
7.926190750061288,7.926095142660224
7.9260073273140135,7.926099976886992
7.9261914946784024,7.926095316714423
7.92600781828672,7.926100103861081
7.926192188375375,7.926095378872168
7.926008190958567,7.926100109102779
7.926192696953751,7.9260953083603525
7.926008344620894,7.926099971299639
7.926193011780117,7.9260950829773975
7.926008271989637,7.926099666575831
7.926193112207824,7.926094677221517
7.926007970858424,7.92609917022176
7.926192982244636,7.926094069062001
7.926007394476071,7.926098463618205
7.9261925924171495,7.92609324295696
7.926006539025298,7.926097533542156
7.926191970541329,7.9260921862196385
7.926005448479913,7.926096365225071
7.926191103531385,7.926090884064793
7.9260040562134,7.926094949184658
7.926189918526013,7.92608933057302
7.926002273606602,7.926093277107591
7.926188357558153,7.92608751557385
7.926000153759216,7.926091340802374
7.926186544808865,7.926085433205085
7.9259977353083855,7.926089138138115
7.92618440968113,7.926083086763174
7.925994965849534,7.926086674646433
7.926181926195416,7.926080480561329
7.925991798811654,7.926083954564114
7.926179094736539,7.926077619858277
7.925988304375028,7.92608098464181
7.926176009930717,7.926074514079419
7.925984539910234,7.926077777339626
7.926172673836418,7.92607117822022
7.9259805099259895,7.926074348566317
7.926169083852462,7.926067625785576
7.925976171478529,7.926070709713972
7.926165281036444,7.9260638700870825
7.925971624207391,7.926066878653137
7.926161242162343,7.926059933322147
7.925966794862539,7.926062885106663
7.926157002199165,7.926055857554358
7.925961792081054,7.926058775017693
7.926152683346756,7.926051676942282
7.925956693331034,7.926054572165723
7.926148272067942,7.926047415210691
7.925951442461096,7.9260503030653835
7.926143758098228,7.926043099894305
7.925946058680219,7.926045995240511
7.926139197416222,7.9260387575991995
7.925940630311394,7.926041673109582
7.926134661624104,7.926034408510367
7.9259352267602985,7.92603735450534
7.92613018252306,7.9260300710178875
7.925929782092383,7.926033056592155
7.926125721687394,7.926025758182381
7.92592435808266,7.926028789056727
7.9261213902895316,7.926021473637734
7.925919050617407,7.926024547246052
7.926117393202758,7.926017206167283
7.925914283018257,7.9260203138864265
7.926113934829274,7.926012928587454
7.925909719867839,7.926016046814109
7.926110649022593,7.926008578017947
7.925905288434882,7.9260116616813185
7.926107592182589,7.926004049827677
7.925901002523322,7.926007029913758
7.926104717313648,7.925999181771769
7.925896826725442,7.92600194951015
7.926102009279951,7.925993722787234
7.925892690561316,7.9259961046421115
7.926099433714178,7.925987276498908
7.925888617825753,7.925989004787416
7.926096947322409,7.925979238824925
7.925884445871233,7.925979910794106
7.9260943755780575,7.925968705540138
7.925879979695732,7.925967714071473
7.926091494931785,7.925954314985601
7.925874940090378,7.925950745831855
7.926087995909062,7.925934018100709
7.925868975539234,7.925926484838241
7.926083402920585,7.9259047204975905
7.925861400296433,7.925891157644618
7.926076956202576,7.925861816859094
7.925851409775912,7.925839120616267
7.926067665818245,7.9257983819856515
7.925837680560679,7.925761887675399
7.9260540004770705,7.9257040108848855
7.925818355222487,7.925646687236886
7.926033522651667,7.925563009417254
7.925790364039178,7.925474238563187
7.9260026300121345,7.92535169715443
7.925749309985899,7.925215474589133
7.925955988890428,7.92503439509612
7.925688716782673,7.924826584941925
7.925885690804711,7.924557236753379
7.9255988259405195,7.924241261819695
7.9257798536212904,7.923838509262455
7.92546501168805,7.92335876457825
7.925620485781953,7.922753971673024
7.92526512554396,7.922025853969714
7.925380768601859,7.921114500625618
7.924966358387185,7.920008911726714
7.925020134964623,7.9186310647259095
7.9245187855885675,7.916949784551409
7.92447772442348,7.914859114706958
7.923847522483636,7.9122960356692715
7.9236612044534125,7.9091113583487545
7.922838574314311,7.905191864239748
7.92243062725273,7.900320797491806
7.921320318772618,7.894305092078897
7.920575937779181,7.886820786560721
7.919034847094945,7.877546818405363
7.917779849857619,7.865987805436321
7.9155897962247685,7.851618122592346
7.913556957282029,7.83366817658898
7.9103841451994015,7.811285528418805
7.907164897406353,7.783296283826926
7.902501072605276,7.7490247523944165
7.897472385110103,7.70643812400494
7.89054062250086,7.651453188589467
7.882743433239177,7.579458318429392
7.87234092317117,7.486590416975246
7.860281482970418,7.3707370498478735
7.844531541884662,7.232371026663597
7.825877598090926,7.072967200947526
7.801851584976902,6.894061890126995
7.772958084971187,6.696096894434128
7.73606191948194,6.47801548423077
7.691177852935791,6.238593318260242
7.634114714803268,5.976414612844653
7.564064551926962,5.690296099482087
7.475154483097799,5.379889704242996
7.365271085867687,5.045947488405964
7.22583779667345,4.690338191415567
7.052675547303751,4.315590660527834
6.834199314538036,3.924296760346373
6.588875285820147,3.5183542041723412
6.264741978592358,3.098629443565345
5.780852644340495,2.664984458255493
5.11758083235893,2.217142102958113
4.303118201675505,1.755763709598429
3.406738816997077,1.2838414935581686
2.5282438814018064,0.8059840740109855
1.7077285214967588,0.3252971500708621
0.9465404004828942,-0.15692555042999962
0.20302637243162358,-0.6397623739072381
-0.5823364236166353,-1.1215825124253616
-1.4150338455978622,-1.5991993941509348
-2.303649192435324,-2.0679360874594748
-3.238046083360923,-2.5219945645525255
-4.186814567229618,-2.9553832608553905
-5.105966567786627,-3.362593148571519
-5.95317278640072,-3.7393606056814157
-6.701596747339559,-4.08274573417983
-7.350077961877566,-4.39117666905182
-7.924594793380905,-4.663824431731052
-8.466764591067584,-4.9009491231033095
-9.014682041974124,-5.101738557962226
-9.575311234096953,-5.263568025497627
-10.111013907788497,-5.383877907649302
-10.532625502398988,-5.462291532175142
-10.776157879369727,-5.500332041884639
-10.902258491780147,-5.50424998573749
-10.980807721442678,-5.484105511133669
-11.0287845306354,-5.449611031025559
-11.018027317235626,-5.408654074469044
-10.890996467815421,-5.364683704649436
-10.589553186097252,-5.319101078847207
-10.074165891825709,-5.273603603023898
-9.33809460388477,-5.228986271111277
-8.406031137831194,-5.186405404948478
-7.32865974141831,-5.148060471578707
-6.166182214764679,-5.117100116429436
-4.976130912703864,-5.096736832419213
-3.799063429951984,-5.089184377199616
-2.658987677697915,-5.094454400528529
-1.566045980905386,-5.10999374210142
-0.5304965895401755,-5.130990910707011
0.42549542844361943,-5.151978345271151
1.2449868451677772,-5.168685566692285
1.923158938326721,-5.180273526732661
2.375444071140602,-5.188913669271697
2.4933630310457975,-5.196591571423601
2.291825124699193,-5.203762119486404
1.800347678135694,-5.209777551370971
1.1325079993480947,-5.212061430324566
0.36268856068906735,-5.209533691723604
-0.5292476353262815,-5.20540664689335
-1.4979701387687552,-5.204797821857228
-2.526160786880448,-5.212927280423422
-3.610514166365535,-5.233253702289629
-4.745718935579152,-5.26677035573887
-5.9074286709408454,-5.312023310307566
-7.055532208313288,-5.366040322638388
-8.130125703208495,-5.425470609028567
-9.07279891241032,-5.487694101346894
-9.833571617592161,-5.551300443292149
-10.393821182098394,-5.615959382136829
-10.762595543212731,-5.681554564909394
-10.984555943973623,-5.746803010525647
-11.11312343839215,-5.81011010504261
-11.201696675704392,-5.867804326525016
-11.260459095892024,-5.912595747775906
-11.263386374133487,-5.9387170445416455
-11.107098596425814,-5.943461544532469
-10.79241466237792,-5.928199871855052
-10.42859843771737,-5.896864678125923
-10.050421715416926,-5.852122568150766
-9.655143487966347,-5.796594102557872
-9.198761590613284,-5.730970550565656
-8.635809225938686,-5.655266672141788
-7.9310474429438775,-5.570291972661803
-7.082794393605881,-5.477383771238271
-6.116844599168957,-5.379073359765565
-5.0857038781126676,-5.279045310172637
-4.046693316770365,-5.181605859645498
-3.0521952044827017,-5.090959653459201
-2.1327166996864366,-5.010286423223401
-1.2997025338660804,-4.941265562864116
-0.5458177478348488,-4.883817502914395
0.12536943332675968,-4.836675923381942
0.7464976022610764,-4.79811346163621
1.2730945508353593,-4.767379529527605
1.6153121784935458,-4.74533319536366
1.7277132337673642,-4.735525783326702
1.5847611161251065,-4.740197568100201
1.2156946537048612,-4.756698677705155
0.6676400193540938,-4.780841036351961
0.03315774081600548,-4.809356132249315
-0.6580629078346579,-4.842224296734863
-1.4317056558597578,-4.881627659505663
-2.28400881542312,-4.930456933172012
-3.2214261608777517,-4.990571705194625
-4.229031769084307,-5.06193051862656
-5.272660341851924,-5.142278300292214
-6.2983695763265635,-5.227805979417581
-7.247565202902223,-5.314060228436135
-8.070781989200619,-5.397144949112138
-8.744081605934491,-5.474399887493878
-9.2746018366265,-5.544727124555489
-9.697760667620855,-5.6077869013157695
-10.06183574365645,-5.664431891988315
-10.403579341739635,-5.7142255077831905
-10.724609526984468,-5.754517315569266
-10.974614268544379,-5.781027753024317
-11.072141712310595,-5.789737427325638
-10.99197370264236,-5.779766880469319
-10.767232227963149,-5.752626661279661
-10.48062000554968,-5.712611625179085
-10.172540373999906,-5.664288409887176
-9.835389115931456,-5.610331753313718
-9.427270502487785,-5.551071382883615
-8.899838323014441,-5.485885195000769
-8.219267363073184,-5.415085345127939
-7.382272802659646,-5.3397389637343275
-6.416110916206311,-5.262464503907816
-5.37302080605054,-5.187009883151785
-4.312645130753956,-5.117538307847653
-3.2885799932376742,-5.057442639898058
-2.333961860324165,-5.008414131954376
-1.4626570339681753,-4.969914277710762
-0.6688564651647614,-4.939497293173634
0.04393167483662336,-4.913888111543072
0.6938061730203589,-4.890652779118441
1.2450838183735842,-4.869883564323545
1.604545981101288,-4.854793218610507
1.7261085677507688,-4.84938063583949
1.5937441487384305,-4.8556749688261664
1.2265424885497904,-4.871463885146636
0.6726039505051236,-4.892753700960881
0.027145631350880023,-4.916370565118606
-0.6791648334467585,-4.942302871722427
-1.4678376240439244,-4.973060508060791
-2.3341514675010973,-5.01197022913661
-3.284665643092596,-5.061499310939659
-4.304834993417021,-5.122174692689277
-5.361390552339419,-5.1922858404116985
-6.400350555900322,-5.268411413581356
-7.362490026822844,-5.346387771099517
-8.196266352119912,-5.422470846267588
-8.875573346708437,-5.49408514721672
-9.404821258147718,-5.560180896269471
-9.818431562423894,-5.6205187913068455
-10.164614891543401,-5.675688011998758
-10.483618229502124,-5.725239870431555
-10.78088297457267,-5.76632730509549
-11.01271121444352,-5.794404192153564
-11.09638774204798,-5.805503827439075
-11.002843190755442,-5.798326138422358
-10.75644681808273,-5.773860940958484
-10.438630460036828,-5.735958426204062
-10.099386140210646,-5.688836314918657
-9.736746485030084,-5.635100516333515
-9.313906992978593,-5.575301070518865
-8.782450804441428,-5.508839624675422
-8.107355567224973,-5.435999681413057
-7.281542484370629,-5.357926707357748
-6.329657936445929,-5.277271241853101
-5.301201791878954,-5.197833941504617
-4.255614770984331,-5.123833168258914
-3.246590678222052,-5.058777555287047
-2.309246231621023,-5.004538162639578
-1.4577934339641805,-4.960835891482174
-0.687438660505494,-4.925526838097477
0.0021360292078378158,-4.895619422302772
0.6311099724858632,-4.86888306968872
1.1608583726035226,-4.845447308968141
1.50647236020175,-4.828503577098598
1.626746651596273,-4.822029781204217
1.5053437067732842,-4.828091153316581
1.1585975066840954,-4.8445727856503265
0.6278585207765951,-4.867536083472651
-0.001973080729755387,-4.89363416470401
-0.6926692551983131,-4.9225550288105815
-1.4640772061847809,-4.956514069127342
-2.316544564182371,-4.9985816242286525
-3.2547874012190796,-5.051066834741689
-4.264435313231987,-5.1144054394027245
-5.310236195537487,-5.18686238911825
-6.338404440805635,-5.264993039842399
-7.28948494489644,-5.344604756646929
-8.114042987285115,-5.421872187381688
-8.787561809540247,-5.494132119583418
-9.317229013508637,-5.560225034754059
-9.738165222624609,-5.619906518690108
-10.09871654634094,-5.673820249855834
-10.435582199135832,-5.721501497846196
-10.750365150874572,-5.7602961619767985
-10.992840330464915,-5.786000996737333
-11.081414121052893,-5.794972181462019
-10.994954755281293,-5.786159138926335
-10.7545716530531,-5.760630258563476
-10.44182069313486,-5.722027575108101
-10.106853376795089,-5.674578885837619
-9.74799021617607,-5.6209494873004955
-9.328465694379007,-5.561622708518198
-8.799863518226342,-5.49597054518617
-8.127022830784428,-5.424228837552329
-7.302710149226141,-5.347550098188699
-6.351447633598735,-5.268584561058639
-5.322676030276629,-5.191140405725632
-4.275930789831668,-5.119389153286366
-3.2650623521604607,-5.05675271466409
-2.3254418442980875,-5.004941833151895
-1.4715255429774536,-4.963496809455383
-0.6987102990206105,-4.930085214834067
-0.006519540891762499,-4.9016146263381195
0.6242580959354253,-4.875849716586394
1.1554675025105239,-4.853083538741781
1.5023061655757963,-4.836647155863845
1.6234848549280654,-4.830461347031476
1.503531574029865,-4.836627599714309
1.157829626350521,-4.853061528410378
0.6274693367630116,-4.875844507338708
-0.002800191672761783,-4.901633255489134
-0.6943530312700191,-4.930113081737273
-1.4665087155121774,-4.9635115177228455
-2.319765360355907,-5.0049212654924276
-3.2587484927333166,-5.0566866728813356
-4.269162886909126,-5.119281014248011
-5.315744142153774,-5.19100835154407
-6.344740703271501,-5.26845447395255
-7.296604634532996,-5.347450972733207
-8.121809298460677,-5.4241849939179225
-8.795664356109622,-5.49600055646848
-9.325229247793855,-5.561738899661393
-9.74553367055728,-5.621164896464874
-10.104959394524995,-5.674905164080761
-10.440395188813381,-5.722494518207235
-10.753708210818933,-5.761268823982112
-10.995055507683594,-5.787019005693965
-11.082743912281522,-5.796133170571717
-10.995389554999987,-5.7875445515863415
-10.75375139404269,-5.762282049822446
-10.439178918056465,-5.723933677520803
-10.102402521663665,-5.676691797945603
-9.74200299379815,-5.623211332386219
-9.321561037393536,-5.563983746503412
-8.792626946899052,-5.498388003159439
-8.120042184822948,-5.426655851325722
-7.2963295637623915,-5.349947782777936
-6.345925804606087,-5.270916000064128
-5.318068670502009,-5.193370430347031
-4.272332482449162,-5.121479499967389
-3.2625056835441835,-5.058665530618305
-2.3241334162275384,-5.006642287418923
-1.4716123410841833,-4.964962830642126
-0.7005173084219353,-4.931313078537986
-0.0098917596444232,-4.90262480714803
0.6192277681657675,-4.876683417297847
1.1480791437975557,-4.853794635317763
1.4927857667801703,-4.837292711867148
1.6127069055549317,-4.8310965915628135
1.4927863280913194,-4.83729215908891
1.1480802721627585,-4.853793531050848
0.6192294413037781,-4.876681764161646
-0.00988951092644221,-4.902622609565103
-0.7005145023183426,-4.931310342719611
-1.4716089653941413,-4.964959563042114
-2.3241294687901006,-5.0066384930710415
-3.262501177432996,-5.058661213105444
-4.272327415566202,-5.1214746653086145
-5.318063013654676,-5.193365084365033
-6.345919551495374,-5.270910148928045
-7.296322763017915,-5.3499414318742415
-8.120034856262214,-5.426649006198681
-8.79261906246357,-5.498380669783615
-9.321552604605067,-5.563975930112443
-9.741994006661782,-5.6232030368433366
-10.10239301046034,-5.676683026799073
-10.439168897707564,-5.723924433999179
-10.753740863130924,-5.762272338933808
-10.995378527560426,-5.787534377301181
-11.082732424572043,-5.796122537694964
-10.995043612984768,-5.7870079187841466
-10.753695964532989,-5.761257286945722
-10.440382630419315,-5.72248253601175
-10.104946539476654,-5.674892741136174
-9.745520455951118,-5.621152037238749
-9.32521564510413,-5.561725609246845
-8.795650440529695,-5.495986839088107
-8.121795013702345,-5.424170854887869
-7.2965900004066375,-5.347436418547813
-6.344725718445858,-5.268439510628055
-5.315728814880685,-5.190992982792208
-4.2691472208966035,-5.119265242307634
-3.2587324612462214,-5.056670500715853
-2.31974892214927,-5.004904696631717
-1.4664918401079694,-4.96349455598773
-0.694335737006558,-4.930095730079854
-0.0027825256703842504,-4.901615514763069
0.6274874092274033,-4.875826380088502
1.1578480727337894,-4.853043016393547
1.5035504096846217,-4.836608702316082
1.623504083002369,-4.830442062646844
1.502325775498435,-4.836627482799598
1.1554874978291523,-4.853063476045203
0.6242784866054021,-4.875829264650965
-0.0064987771058331615,-4.901593788646975
-0.6986891412421953,-4.930063996614148
-1.4715040317569237,-4.963475214208921
-2.325419996392504,-5.004919865368091
-3.2650401426247857,-5.056730378636918
-4.275908177419907,-5.119366453996817
-5.322652977363826,-5.191117347270962
-6.35142414038409,-5.268561146772113
-7.30268624532376,-5.347526332563295
-8.126998521546296,-5.424204727514467
-8.799838800053148,-5.495946098333481
-9.32844050035294,-5.561597930929763
-9.747964610822832,-5.620924383347059
-10.106827343457184,-5.674553460744748
-10.441794175550873,-5.722001833444968
-10.754544665884522,-5.760604205665137
-10.994927350490377,-5.7861327802413145
-11.081386366997938,-5.794945521947541
-10.992812295101336,-5.785974041653692
-10.75033689179556,-5.760268916688065
-10.435553755823863,-5.721473967231619
-10.09868792672579,-5.6737924393730035
-9.738136408910018,-5.6198784322617845
-9.317200017890924,-5.560196676679142
-8.787532657481892,-5.494103494091852
-8.114013652572329,-5.421843300318961
-7.2894554014414785,-5.344575614951137
-6.338374707102321,-5.264963650021655
-5.310206325244956,-5.186832756713881
-4.264405302049509,-5.1143755702946025
-3.2547572082615974,-5.051036734970091
-2.3165141699448886,-4.998551300307064
-1.4640466092824997,-4.956483525423949
-0.6926384625747607,-4.922524271124983
-0.0019421069019958622,-4.893603200065389
0.6278896745314532,-4.86750491923055
1.1586288489555983,-4.844541426965584
1.5053752292892988,-4.8280596027945695
1.6267783602648074,-4.821998039853191
1.506504251695547,-4.828471644337404
1.1608904452438078,-4.84541518276045
0.6311422455806296,-4.868850747017987
0.002168471330536022,-4.895586899591456
-0.6874060217204798,-4.925494110420058
-1.45776062027712,-4.960802952807583
-2.3092132480186995,-5.004505009340791
-3.2465575081343148,-5.05874418523742
-4.25558140632057,-5.123799577270889
-5.3011682511944365,-5.197800125410655
-6.329624222397174,-5.277237195771786
-7.281508548494895,-5.357892427717568
-8.10732139038136,-5.435965165497072
-8.782416425797525,-5.508804869644091
-9.313872404226698,-5.5752660736028
-9.736711713325816,-5.635065274992186
-10.099351152156727,-5.688800827146127
-10.438595224328363,-5.735922689695271
-10.756411340387563,-5.773824952069636
-11.002807466679906,-5.798289894794213
-11.096351754322654,-5.805467325410296
-11.012674932769754,-5.7943674283158595
-10.780846359275275,-5.7662902769243045
-10.483581240206364,-5.725202574998358
-10.164577510595409,-5.67565044759978
-9.818393857367422,-5.62048095585873
-9.404783261410014,-5.560142786668268
-8.875534996407591,-5.494046761733729
-8.196227702695856,-5.422432182078182
-7.362451046133596,-5.346348824135365
-6.400311254147096,-5.268372180375044
-5.361350943345595,-5.1922463201928135
-4.3047950710162315,-5.122134886774749
-3.284625416964415,-5.061459220047104
-2.3341109610880406,-5.01192985313276
-1.4677968594722175,-4.97301984573715
-0.6791237904610169,-4.942261923010755
0.027186996689028426,-4.916329331156579
0.6726455940063015,-4.892712181893922
1.226584457668351,-4.871422081644512
1.5937864319268094,-4.855632883742034
1.726151149851278,-4.849338272564501
1.6045888464424722,-4.854750579077061
1.245126946824042,-4.86984064840532
0.6938495576238366,-4.89060958410107
0.04397535040931713,-4.913844629980617
-0.6688125356873291,-4.939453514546021
-1.4626127997541953,-4.96987019298729
-2.333917291424599,-5.008369732557723
-3.2885351157446636,-5.057397918685766
-4.312600001387891,-5.117493257462547
-5.372975487076843,-5.186964496311356
-6.41606542341939,-5.262418773497602
-7.382227094567259,-5.339692882216743
-8.21922142489702,-5.41503890363934
-8.899792165827307,-5.485838384247658
-9.427224142015463,-5.551024195548335
-9.835342519143955,-5.610284185021416
-10.172493556952949,-5.6642404562514646
-10.48057303612599,-5.712563281706153
-10.76718509684597,-5.752577921629155
-10.991926313265068,-5.7797177389673555
-11.072093944008465,-5.789687877807072
-10.974566002729702,-5.780977789755625
-10.724560646669731,-5.754466932978407
-10.403529759460783,-5.714174701105049
-10.061785455617104,-5.664380655595001
-9.697709745942708,-5.607735230585601
-9.2745503051273,-5.544675016301455
-8.744029466441535,-5.474347337000998
-8.07072925844918,-5.39709195132854
-7.247511881279827,-5.314006777477925
-6.29831565701087,-5.227752067794477
-5.2726057965693665,-5.142223920322414
-4.228976603196641,-5.061875662014429
-3.221370431187401,-4.990516363520065
-2.283952592761125,-4.930401099206065
-1.431648983965576,-4.8815713268904295
-0.6580057350645238,-4.842167458189156
0.033215474929748585,-4.809298778620582
0.6676982736614728,-4.780783159200024
1.2157534316935257,-4.756640271463511
1.5848203808304548,-4.740138628679443
1.7277729719353623,-4.735466309283041
1.6153723934702606,-4.745273190559043
1.273155239204553,-4.767319003396867
0.7465587756124017,-4.798052427088774
0.1254310656570983,-4.836614395105007
-0.5457556230268098,-4.883755498316401
-1.29963996016204,-4.941203099812909
-2.132653706902848,-5.010223517147884
-3.0521317457649384,-5.090896318638436
-4.046629343156804,-5.181542111624383
-5.085639350885572,-5.278981165516753
-6.1167795245471375,-5.379008834860443
-7.082728833769469,-5.477318880442812
-7.930981398834188,-5.570226728400637
-8.635742677603266,-5.65520108543272
-9.198694532951638,-5.7309046331143385
-9.6550759394442,-5.796527867097305
-10.050353691541055,-5.852056026868856
-10.42852987542979,-5.896797843832097
-10.792345546270026,-5.928132755373534
-11.10702901643383,-5.9433941574672255
-11.263316460135902,-5.938649398375815
-11.260388979601467,-5.912527853417173
-11.201626498575814,-5.867736194544133
-11.113053330371642,-5.810041744953162
-10.984485924805325,-5.74673443288449
-10.762525534513237,-5.681485779538215
-10.393751139411336,-5.615890397913591
-9.83350158346281,-5.551231269795197
-9.07272889837178,-5.487624749788857
-8.13005570760052,-5.42540109165996
-7.055462208899821,-5.365970650778683
-5.907358663116301,-5.311953493881951
-4.745648908216819,-5.26670040495053
-3.6104440946476597,-5.233183627561234
-2.526090650405935,-5.212857092080814
-1.497899957428985,-5.204727530655496
-0.5291774298728994,-5.205336263510943
0.3627588307143988,-5.209463227755173
1.1325782902813872,-5.211990899295488
1.8004179980352821,-5.209706962852086
2.291895492591576,-5.2036914777991345
2.493433471661018,-5.1965208787016826
2.375514599704936,-5.188842927288165
1.9232295476514054,-5.180202737199799
1.245057520342695,-5.16861473395519
0.4255661764574554,-5.151907478638681
-0.5304257491475882,-5.130920021998296
-1.5659750629095344,-5.109922840873237
-2.6589166838586076,-5.094383494786671
-3.798992330177285,-5.089113475851327
-4.976059714796906,-5.096665945413199
-6.166110930508753,-5.117029253435474
-7.328588359420714,-5.147989642043822
-8.405959649215289,-5.186334619865584
-9.33802304385679,-5.228915541425345
-10.074094272903482,-5.27353293846886
-10.58948148095482,-5.319030488947985
-10.89092473634228,-5.364613200445827
-11.01795549514115,-5.4085836667065195
-11.02871254307084,-5.449540731031684
-10.980735614800826,-5.484035330588465
-10.902186393448597,-5.50417993693345
-10.776085916925425,-5.500262137145763
-10.532553798265551,-5.46222178406379
-10.110942577169366,-5.383808328475325
-9.575240330436346,-5.263498627198366
-9.01461151958548,-5.101669352529712
-8.466694400995708,-4.900880122251399
-7.92452496912209,-4.663755647190123
-7.350008521812851,-4.391108113319201
-6.701527675984997,-4.0826774195565045
-5.95310406394239,-3.739292544163203
-5.105898229696379,-3.3625253524482277
-4.186746591236619,-2.9553157426426075
-3.237978442126082,-2.52192733586417
-2.303581898558749,-2.0678691595872745
-1.414966917701472,-1.5991327790880026
-0.5822698938855994,-1.1215162206281646
0.20309248935387603,-0.6396964174812325
0.9466061098771478,-0.15685994339907117
1.7077938242065773,0.3253623948720028
2.528308791424678,0.8060489470146549
3.406803317848368,1.2839059884676285
4.303182288292848,1.7558278232565072
5.117644526258844,2.2172058351613706
5.780915962929918,2.6650478101713215
6.264804917944666,3.098692415189505
6.588937843531159,3.5184167942457485
6.834261490788631,3.9243589684686992
7.052737341948242,4.315652486770379
7.225899209830026,4.690399635452498
7.365332117463306,5.046008549403737
7.475215133203906,5.379950382277466
7.564124820502257,5.690356394058334
7.634174601895445,5.9764745227667175
7.691237358516788,6.23865284265545
7.736121043591407,6.478074622703775
7.7730168275891955,6.696155647415196
7.801909946133452,6.8941202584216645
7.825935577771058,7.073025185226165
7.844589140114832,7.2324286275748495
7.860338699740545,7.370794267681661
7.872397758500714,7.486647252444106
7.882799887120299,7.579514772375772
7.890596694951747,7.651509261304038
7.897528076123645,7.706493815332185
7.9025563821977975,7.7490800622794
7.907219825572969,7.783351212276506
7.9104386919526535,7.811340075435065
7.9136111226176284,7.83372234217783
7.915643580155938,7.851671906756614
7.917833252379048,7.866041208180795
7.919087868217253,7.877599839732862
7.9206285775008825,7.886873426475216
7.921372577101834,7.8943573505830384
7.9224825041831926,7.900372674589002
7.922890069859844,7.905243359932299
7.923712318606147,7.909162472639575
7.9238982552526815,7.912346768560345
7.9245280758052346,7.914909466200724
7.924568755590379,7.916999754649448
7.925069723583701,7.918680653430186
7.925015565627838,7.920058119038527
7.925429594461199,7.9211633265465204
7.925313570027657,7.92207429850069
7.92566854888604,7.922802034815214
7.925512693418291,7.9234064463322875
7.925827153972397,7.9238858096291205
7.925645744916042,7.924288180799292
7.9259322284025755,7.924603774346381
7.925734873006383,7.924872741148312
7.926001763734519,7.925080169916011
7.925794703453996,7.925260868022244
7.926047642100492,7.925396709200543
7.925834994749373,7.925518869221764
7.926077771979973,7.925607258687908
7.925862223172957,7.925690555118751
7.9260974870434895,7.925747497377301
7.9258807857458455,7.9258049927773255
7.9261103896151015,7.925841105696161
7.925893752189347,7.925881462934101
7.926118917226017,7.925903777783055
7.92590297993204,7.925932737173314
7.926124601164361,7.925945918629677
7.925909792390093,7.925967301572096
7.926128431363672,7.925974453434799
7.92591499414944,7.925990799764425
7.926131167589321,7.925993987514985
7.925919270954115,7.926007005195822
7.926133285431185,7.926007615257644
7.925922974319323,7.926018439102756
7.92613509436035,7.926017385722816
7.925926383454584,7.926026770272499
7.926136817929417,7.926024660569149
7.925929693362748,7.926033107295465
7.926138630662685,7.926030344021619
7.9259330666895815,7.926038189323352
7.926140575853634,7.926035040161717
7.925936479639842,7.9260425068782
7.926142687870025,7.926039145364534
7.925940002692877,7.926046375788331
7.926144981847993,7.926042910692965
7.925943671259351,7.926049998054909
7.926147504782033,7.926046498391886
7.925947471531455,7.92605350225226
7.926150200273674,7.926050013092453
7.925951476244254,7.926056972728351
7.926153434468646,7.926053517675096
7.925956020813675,7.92606045164702
7.926157002965744,7.9260570393235845
7.925960681916902,7.926063956282216
7.926160700891679,7.926060589254855
7.925965363669846,7.9260674912872515
7.926164417075687,7.926064163835335
7.9259700043000025,7.926071046975655
7.926168189940561,7.926067750004601
7.9259746697397375,7.926074606183379
7.926171987688636,7.92607132937296
7.925979290582135,7.926078151078134
7.926175738717409,7.926074881755942
7.925983778506732,7.926081657241876
7.926179387047857,7.92607838054784
7.9259881143064845,7.926085097151197
7.926182942944636,7.926081798214416
7.925992354131236,7.92608844429199
7.9261864199494285,7.926085111031481
7.9259964205124485,7.9260916748852175
7.926189695859164,7.926088284840844
7.926000204817204,7.926094742988307
7.926192735705979,7.926091277579488
7.926003780293294,7.9260976188789165
7.926195562718007,7.926094067050605
7.926007047304663,7.9261002846869815
7.92619813583526,7.926096639942975
7.926010048791614,7.926102729020895
7.926200457661942,7.926098982752312
7.926012780247317,7.9261049359724955
7.926202526141634,7.926101080483624
7.926015184304501,7.926106893082173
7.9262042466443345,7.926102923712017
7.926017190780535,7.926108593599791
7.926205618790277,7.926104507179303
7.9260188462475805,7.926110033288928
7.926206668556824,7.926105826572678
7.9260202031138425,7.926111206618537
7.926207466539985,7.926106878596156
7.92602122273811,7.926112115719968
7.926207888564697,7.926107669112365
7.9260218520217975,7.926112768785027
7.92620799259461,7.926108208292119
7.926022179587497,7.926113174127407
7.926207851488541,7.9261085020552215
7.926022272059477,7.92611334122972
7.926207478338895,7.926108565187169
7.9260220854657675,7.926113284860926
7.926206845326852,7.926108410375103
7.926021623622678,7.926113018244262
7.926205981925535,7.926108053161115
7.926020933281329,7.92611255999911
7.926204904129922,7.926107515576119
7.926020016648791,7.926111934835325
7.926203632581853,7.926106823122041
7.9260188810109,7.9261111666288455
7.926202175919767,7.926105998000539
7.92601762707655,7.926110276692071
7.926200668341095,7.926105060984864
7.926016278162673,7.9261092872835475
7.9261990920510135,7.926104037992138
7.926014876482561,7.926108226243307
7.926197447869544,7.926102955081751
7.926013351902761,7.926107117058762
7.926195775110089,7.926101834184151
7.926011870175781,7.926105980691843
7.926194116068127,7.926100697603936
7.9260103527148695,7.926104842431844
7.92619248714453,7.926099571343705
7.926008887898893,7.926103726326333
7.926190950986314,7.926098477016958
7.926007514147694,7.926102652050204
7.92618954188961,7.926097433577182
7.926006261972216,7.9261016387999526
7.926188243012992,7.926096459986019
7.9260050920528045,7.9261007047889915
7.92618707208361,7.926095573760665
7.926004053958945,7.926099864457754
7.926186048386744,7.926094784629751
7.926003166199712,7.926099126482425
7.926185193817382,7.926094102733848
7.926002417293906,7.926098500353011
7.926184496690964,7.9260935367596135
7.926001819378726,7.926097995675071
